id,car_id
t1,t1_c2
t10,t10_c1
t10,t10_c2
t10,t10_c3
t10,t10_c4
t100,t100_c1
t100,t100_c2
t1000,t1000_c1
t1000,t1000_c2
t1000,t1000_c3
t101,t101_c1
t101,t101_c2
t102,t102_c1
t102,t102_c2
t103,t103_c1
t103,t103_c2
t104,t104_c1
t104,t104_c2
t104,t104_c3
t105,t105_c1
t105,t105_c2
t105,t105_c3
t106,t106_c1
t106,t106_c2
t106,t106_c3
t106,t106_c4
t107,t107_c1
t107,t107_c2
t107,t107_c3
t108,t108_c1
t108,t108_c2
t109,t109_c1
t109,t109_c2
t109,t109_c3
t11,t11_c1
t11,t11_c2
t11,t11_c3
t110,t110_c1
t110,t110_c2
t111,t111_c1
t111,t111_c2
t111,t111_c3
t112,t112_c1
t112,t112_c2
t112,t112_c3
t112,t112_c4
t113,t113_c1
t113,t113_c2
t114,t114_c1
t114,t114_c2
t114,t114_c3
t115,t115_c1
t115,t115_c2
t115,t115_c3
t115,t115_c4
t116,t116_c1
t116,t116_c2
t116,t116_c3
t116,t116_c4
t117,t117_c1
t117,t117_c2
t117,t117_c3
t117,t117_c4
t118,t118_c1
t118,t118_c2
t118,t118_c3
t118,t118_c4
t119,t119_c1
t119,t119_c2
t119,t119_c3
t119,t119_c4
t12,t12_c1
t12,t12_c2
t120,t120_c1
t120,t120_c2
t121,t121_c1
t121,t121_c2
t121,t121_c3
t121,t121_c4
t122,t122_c1
t122,t122_c2
t122,t122_c3
t123,t123_c1
t123,t123_c2
t124,t124_c1
t124,t124_c2
t124,t124_c3
t124,t124_c4
t125,t125_c1
t125,t125_c2
t125,t125_c3
t125,t125_c4
t126,t126_c1
t126,t126_c2
t126,t126_c3
t127,t127_c1
t127,t127_c2
t128,t128_c1
t128,t128_c2
t129,t129_c1
t129,t129_c2
t129,t129_c3
t129,t129_c4
t13,t13_c1
t13,t13_c2
t13,t13_c3
t130,t130_c1
t130,t130_c2
t131,t131_c1
t131,t131_c2
t131,t131_c3
t131,t131_c4
t132,t132_c1
t132,t132_c2
t132,t132_c3
t132,t132_c4
t133,t133_c1
t133,t133_c2
t133,t133_c3
t134,t134_c1
t134,t134_c2
t134,t134_c3
t135,t135_c1
t135,t135_c2
t136,t136_c1
t136,t136_c2
t136,t136_c3
t136,t136_c4
t137,t137_c1
t137,t137_c2
t137,t137_c3
t137,t137_c4
t138,t138_c1
t138,t138_c2
t138,t138_c3
t139,t139_c1
t139,t139_c2
t14,t14_c1
t14,t14_c2
t14,t14_c3
t14,t14_c4
t140,t140_c1
t140,t140_c2
t140,t140_c3
t141,t141_c1
t141,t141_c2
t141,t141_c3
t141,t141_c4
t142,t142_c1
t142,t142_c2
t143,t143_c1
t143,t143_c2
t144,t144_c1
t144,t144_c2
t144,t144_c3
t145,t145_c1
t145,t145_c2
t145,t145_c3
t145,t145_c4
t146,t146_c1
t146,t146_c2
t146,t146_c3
t147,t147_c1
t147,t147_c2
t147,t147_c3
t148,t148_c1
t148,t148_c2
t149,t149_c1
t149,t149_c2
t149,t149_c3
t149,t149_c4
t15,t15_c1
t15,t15_c2
t150,t150_c1
t150,t150_c2
t151,t151_c1
t151,t151_c2
t151,t151_c3
t152,t152_c1
t152,t152_c2
t152,t152_c3
t153,t153_c1
t153,t153_c2
t153,t153_c3
t154,t154_c1
t154,t154_c2
t154,t154_c3
t155,t155_c1
t155,t155_c2
t156,t156_c1
t156,t156_c2
t157,t157_c1
t157,t157_c2
t157,t157_c3
t158,t158_c1
t158,t158_c2
t159,t159_c1
t159,t159_c2
t159,t159_c3
t16,t16_c1
t16,t16_c2
t16,t16_c3
t160,t160_c1
t160,t160_c2
t160,t160_c3
t160,t160_c4
t161,t161_c1
t161,t161_c2
t162,t162_c1
t162,t162_c2
t163,t163_c1
t163,t163_c2
t164,t164_c1
t164,t164_c2
t164,t164_c3
t165,t165_c1
t165,t165_c2
t166,t166_c1
t166,t166_c2
t166,t166_c3
t166,t166_c4
t167,t167_c1
t167,t167_c2
t167,t167_c3
t167,t167_c4
t168,t168_c1
t168,t168_c2
t168,t168_c3
t168,t168_c4
t169,t169_c1
t169,t169_c2
t169,t169_c3
t169,t169_c4
t17,t17_c1
t17,t17_c2
t17,t17_c3
t170,t170_c1
t170,t170_c2
t170,t170_c3
t171,t171_c1
t171,t171_c2
t171,t171_c3
t172,t172_c1
t172,t172_c2
t173,t173_c1
t173,t173_c2
t174,t174_c1
t174,t174_c2
t175,t175_c1
t175,t175_c2
t176,t176_c1
t176,t176_c2
t177,t177_c1
t177,t177_c2
t178,t178_c1
t178,t178_c2
t178,t178_c3
t178,t178_c4
t179,t179_c1
t179,t179_c2
t179,t179_c3
t18,t18_c1
t18,t18_c2
t18,t18_c3
t180,t180_c1
t180,t180_c2
t181,t181_c1
t181,t181_c2
t181,t181_c3
t182,t182_c1
t182,t182_c2
t182,t182_c3
t183,t183_c1
t183,t183_c2
t183,t183_c3
t183,t183_c4
t184,t184_c1
t184,t184_c2
t185,t185_c1
t185,t185_c2
t185,t185_c3
t186,t186_c1
t186,t186_c2
t186,t186_c3
t186,t186_c4
t187,t187_c1
t187,t187_c2
t188,t188_c1
t188,t188_c2
t189,t189_c1
t189,t189_c2
t19,t19_c1
t19,t19_c2
t19,t19_c3
t19,t19_c4
t190,t190_c1
t190,t190_c2
t191,t191_c1
t191,t191_c2
t192,t192_c1
t192,t192_c2
t193,t193_c1
t193,t193_c2
t193,t193_c3
t194,t194_c1
t194,t194_c2
t194,t194_c3
t194,t194_c4
t195,t195_c1
t195,t195_c2
t195,t195_c3
t195,t195_c4
t196,t196_c1
t196,t196_c2
t196,t196_c3
t196,t196_c4
t197,t197_c1
t197,t197_c2
t197,t197_c3
t197,t197_c4
t198,t198_c1
t198,t198_c2
t198,t198_c3
t198,t198_c4
t199,t199_c1
t199,t199_c2
t199,t199_c3
t199,t199_c4
t2,t2_c1
t2,t2_c2
t20,t20_c1
t20,t20_c2
t20,t20_c3
t20,t20_c4
t200,t200_c1
t200,t200_c2
t201,t201_c1
t201,t201_c2
t201,t201_c3
t201,t201_c4
t202,t202_c1
t202,t202_c2
t203,t203_c1
t203,t203_c2
t203,t203_c3
t204,t204_c1
t204,t204_c2
t205,t205_c1
t205,t205_c2
t205,t205_c3
t205,t205_c4
t206,t206_c1
t206,t206_c2
t207,t207_c1
t207,t207_c2
t208,t208_c1
t208,t208_c2
t209,t209_c1
t209,t209_c2
t209,t209_c3
t21,t21_c1
t21,t21_c2
t21,t21_c3
t210,t210_c1
t210,t210_c2
t210,t210_c3
t210,t210_c4
t211,t211_c1
t211,t211_c2
t211,t211_c3
t211,t211_c4
t212,t212_c1
t212,t212_c2
t212,t212_c3
t213,t213_c1
t213,t213_c2
t214,t214_c1
t214,t214_c2
t214,t214_c3
t214,t214_c4
t215,t215_c1
t215,t215_c2
t216,t216_c1
t216,t216_c2
t217,t217_c1
t217,t217_c2
t217,t217_c3
t218,t218_c1
t218,t218_c2
t219,t219_c1
t219,t219_c2
t219,t219_c3
t219,t219_c4
t22,t22_c1
t22,t22_c2
t22,t22_c3
t22,t22_c4
t220,t220_c1
t220,t220_c2
t220,t220_c3
t220,t220_c4
t221,t221_c1
t221,t221_c2
t221,t221_c3
t222,t222_c1
t222,t222_c2
t223,t223_c1
t223,t223_c2
t223,t223_c3
t223,t223_c4
t224,t224_c1
t224,t224_c2
t224,t224_c3
t225,t225_c1
t225,t225_c2
t225,t225_c3
t226,t226_c1
t226,t226_c2
t226,t226_c3
t226,t226_c4
t227,t227_c1
t227,t227_c2
t227,t227_c3
t228,t228_c1
t228,t228_c2
t228,t228_c3
t228,t228_c4
t229,t229_c1
t229,t229_c2
t23,t23_c1
t23,t23_c2
t23,t23_c3
t23,t23_c4
t230,t230_c1
t230,t230_c2
t230,t230_c3
t231,t231_c1
t231,t231_c2
t231,t231_c3
t232,t232_c1
t232,t232_c2
t233,t233_c1
t233,t233_c2
t233,t233_c3
t234,t234_c1
t234,t234_c2
t234,t234_c3
t234,t234_c4
t235,t235_c1
t235,t235_c2
t235,t235_c3
t235,t235_c4
t236,t236_c1
t236,t236_c2
t237,t237_c1
t237,t237_c2
t237,t237_c3
t238,t238_c1
t238,t238_c2
t239,t239_c1
t239,t239_c2
t239,t239_c3
t239,t239_c4
t24,t24_c1
t24,t24_c2
t24,t24_c3
t24,t24_c4
t240,t240_c1
t240,t240_c2
t241,t241_c1
t241,t241_c2
t242,t242_c1
t242,t242_c2
t243,t243_c1
t243,t243_c2
t243,t243_c3
t243,t243_c4
t244,t244_c1
t244,t244_c2
t245,t245_c1
t245,t245_c2
t245,t245_c3
t245,t245_c4
t246,t246_c1
t246,t246_c2
t247,t247_c1
t247,t247_c2
t247,t247_c3
t248,t248_c1
t248,t248_c2
t248,t248_c3
t249,t249_c1
t249,t249_c2
t249,t249_c3
t249,t249_c4
t25,t25_c1
t25,t25_c2
t25,t25_c3
t25,t25_c4
t250,t250_c1
t250,t250_c2
t251,t251_c1
t251,t251_c2
t252,t252_c1
t252,t252_c2
t252,t252_c3
t252,t252_c4
t253,t253_c1
t253,t253_c2
t253,t253_c3
t253,t253_c4
t254,t254_c1
t254,t254_c2
t254,t254_c3
t254,t254_c4
t255,t255_c1
t255,t255_c2
t255,t255_c3
t256,t256_c1
t256,t256_c2
t256,t256_c3
t257,t257_c1
t257,t257_c2
t258,t258_c1
t258,t258_c2
t258,t258_c3
t259,t259_c1
t259,t259_c2
t259,t259_c3
t259,t259_c4
t26,t26_c1
t26,t26_c2
t26,t26_c3
t26,t26_c4
t260,t260_c1
t260,t260_c2
t260,t260_c3
t261,t261_c1
t261,t261_c2
t261,t261_c3
t261,t261_c4
t262,t262_c1
t262,t262_c2
t263,t263_c1
t263,t263_c2
t263,t263_c3
t264,t264_c1
t264,t264_c2
t265,t265_c1
t265,t265_c2
t265,t265_c3
t265,t265_c4
t266,t266_c1
t266,t266_c2
t267,t267_c1
t267,t267_c2
t267,t267_c3
t267,t267_c4
t268,t268_c1
t268,t268_c2
t268,t268_c3
t269,t269_c1
t269,t269_c2
t269,t269_c3
t269,t269_c4
t27,t27_c1
t27,t27_c2
t27,t27_c3
t27,t27_c4
t270,t270_c1
t270,t270_c2
t270,t270_c3
t270,t270_c4
t271,t271_c1
t271,t271_c2
t271,t271_c3
t271,t271_c4
t272,t272_c1
t272,t272_c2
t273,t273_c1
t273,t273_c2
t274,t274_c1
t274,t274_c2
t275,t275_c1
t275,t275_c2
t275,t275_c3
t275,t275_c4
t276,t276_c1
t276,t276_c2
t277,t277_c1
t277,t277_c2
t277,t277_c3
t278,t278_c1
t278,t278_c2
t278,t278_c3
t279,t279_c1
t279,t279_c2
t28,t28_c1
t28,t28_c2
t28,t28_c3
t280,t280_c1
t280,t280_c2
t281,t281_c1
t281,t281_c2
t281,t281_c3
t281,t281_c4
t282,t282_c1
t282,t282_c2
t282,t282_c3
t282,t282_c4
t283,t283_c1
t283,t283_c2
t283,t283_c3
t283,t283_c4
t284,t284_c1
t284,t284_c2
t284,t284_c3
t285,t285_c1
t285,t285_c2
t286,t286_c1
t286,t286_c2
t286,t286_c3
t287,t287_c1
t287,t287_c2
t287,t287_c3
t287,t287_c4
t288,t288_c1
t288,t288_c2
t289,t289_c1
t289,t289_c2
t289,t289_c3
t29,t29_c1
t29,t29_c2
t29,t29_c3
t29,t29_c4
t290,t290_c1
t290,t290_c2
t291,t291_c1
t291,t291_c2
t292,t292_c1
t292,t292_c2
t292,t292_c3
t292,t292_c4
t293,t293_c1
t293,t293_c2
t293,t293_c3
t293,t293_c4
t294,t294_c1
t294,t294_c2
t294,t294_c3
t294,t294_c4
t295,t295_c1
t295,t295_c2
t295,t295_c3
t295,t295_c4
t296,t296_c1
t296,t296_c2
t296,t296_c3
t296,t296_c4
t297,t297_c1
t297,t297_c2
t297,t297_c3
t297,t297_c4
t298,t298_c1
t298,t298_c2
t298,t298_c3
t299,t299_c1
t299,t299_c2
t299,t299_c3
t3,t3_c1
t3,t3_c2
t3,t3_c3
t3,t3_c4
t30,t30_c1
t30,t30_c2
t30,t30_c3
t300,t300_c1
t300,t300_c2
t301,t301_c1
t301,t301_c2
t301,t301_c3
t302,t302_c1
t302,t302_c2
t302,t302_c3
t303,t303_c1
t303,t303_c2
t303,t303_c3
t303,t303_c4
t304,t304_c1
t304,t304_c2
t304,t304_c3
t305,t305_c1
t305,t305_c2
t305,t305_c3
t306,t306_c1
t306,t306_c2
t307,t307_c1
t307,t307_c2
t308,t308_c1
t308,t308_c2
t309,t309_c1
t309,t309_c2
t31,t31_c1
t31,t31_c2
t310,t310_c1
t310,t310_c2
t311,t311_c1
t311,t311_c2
t311,t311_c3
t312,t312_c1
t312,t312_c2
t312,t312_c3
t312,t312_c4
t313,t313_c1
t313,t313_c2
t313,t313_c3
t313,t313_c4
t314,t314_c1
t314,t314_c2
t315,t315_c1
t315,t315_c2
t316,t316_c1
t316,t316_c2
t316,t316_c3
t317,t317_c1
t317,t317_c2
t317,t317_c3
t317,t317_c4
t318,t318_c1
t318,t318_c2
t318,t318_c3
t319,t319_c1
t319,t319_c2
t319,t319_c3
t32,t32_c1
t32,t32_c2
t320,t320_c1
t320,t320_c2
t320,t320_c3
t321,t321_c1
t321,t321_c2
t321,t321_c3
t322,t322_c1
t322,t322_c2
t322,t322_c3
t323,t323_c1
t323,t323_c2
t324,t324_c1
t324,t324_c2
t324,t324_c3
t324,t324_c4
t325,t325_c1
t325,t325_c2
t325,t325_c3
t325,t325_c4
t326,t326_c1
t326,t326_c2
t326,t326_c3
t326,t326_c4
t327,t327_c1
t327,t327_c2
t327,t327_c3
t327,t327_c4
t328,t328_c1
t328,t328_c2
t328,t328_c3
t329,t329_c1
t329,t329_c2
t329,t329_c3
t329,t329_c4
t33,t33_c1
t33,t33_c2
t330,t330_c1
t330,t330_c2
t330,t330_c3
t331,t331_c1
t331,t331_c2
t331,t331_c3
t332,t332_c1
t332,t332_c2
t332,t332_c3
t333,t333_c1
t333,t333_c2
t333,t333_c3
t333,t333_c4
t334,t334_c1
t334,t334_c2
t335,t335_c1
t335,t335_c2
t335,t335_c3
t336,t336_c1
t336,t336_c2
t336,t336_c3
t337,t337_c1
t337,t337_c2
t338,t338_c1
t338,t338_c2
t339,t339_c1
t339,t339_c2
t339,t339_c3
t339,t339_c4
t34,t34_c1
t34,t34_c2
t34,t34_c3
t34,t34_c4
t340,t340_c1
t340,t340_c2
t340,t340_c3
t341,t341_c1
t341,t341_c2
t342,t342_c1
t342,t342_c2
t342,t342_c3
t343,t343_c1
t343,t343_c2
t344,t344_c1
t344,t344_c2
t344,t344_c3
t344,t344_c4
t345,t345_c1
t345,t345_c2
t345,t345_c3
t345,t345_c4
t346,t346_c1
t346,t346_c2
t347,t347_c1
t347,t347_c2
t347,t347_c3
t347,t347_c4
t348,t348_c1
t348,t348_c2
t348,t348_c3
t349,t349_c1
t349,t349_c2
t349,t349_c3
t349,t349_c4
t35,t35_c1
t35,t35_c2
t35,t35_c3
t350,t350_c1
t350,t350_c2
t350,t350_c3
t350,t350_c4
t351,t351_c1
t351,t351_c2
t352,t352_c1
t352,t352_c2
t353,t353_c1
t353,t353_c2
t353,t353_c3
t353,t353_c4
t354,t354_c1
t354,t354_c2
t355,t355_c1
t355,t355_c2
t356,t356_c1
t356,t356_c2
t357,t357_c1
t357,t357_c2
t357,t357_c3
t357,t357_c4
t358,t358_c1
t358,t358_c2
t358,t358_c3
t358,t358_c4
t359,t359_c1
t359,t359_c2
t359,t359_c3
t36,t36_c1
t36,t36_c2
t36,t36_c3
t36,t36_c4
t360,t360_c1
t360,t360_c2
t360,t360_c3
t360,t360_c4
t361,t361_c1
t361,t361_c2
t362,t362_c1
t362,t362_c2
t362,t362_c3
t362,t362_c4
t363,t363_c1
t363,t363_c2
t363,t363_c3
t364,t364_c1
t364,t364_c2
t364,t364_c3
t365,t365_c1
t365,t365_c2
t365,t365_c3
t366,t366_c1
t366,t366_c2
t366,t366_c3
t366,t366_c4
t367,t367_c1
t367,t367_c2
t367,t367_c3
t367,t367_c4
t368,t368_c1
t368,t368_c2
t369,t369_c1
t369,t369_c2
t369,t369_c3
t37,t37_c1
t37,t37_c2
t370,t370_c1
t370,t370_c2
t371,t371_c1
t371,t371_c2
t371,t371_c3
t372,t372_c1
t372,t372_c2
t373,t373_c1
t373,t373_c2
t373,t373_c3
t373,t373_c4
t374,t374_c1
t374,t374_c2
t375,t375_c1
t375,t375_c2
t375,t375_c3
t375,t375_c4
t376,t376_c1
t376,t376_c2
t376,t376_c3
t376,t376_c4
t377,t377_c1
t377,t377_c2
t377,t377_c3
t377,t377_c4
t378,t378_c1
t378,t378_c2
t379,t379_c1
t379,t379_c2
t38,t38_c1
t38,t38_c2
t38,t38_c3
t380,t380_c1
t380,t380_c2
t381,t381_c1
t381,t381_c2
t381,t381_c3
t381,t381_c4
t382,t382_c1
t382,t382_c2
t382,t382_c3
t383,t383_c1
t383,t383_c2
t384,t384_c1
t384,t384_c2
t384,t384_c3
t385,t385_c1
t385,t385_c2
t386,t386_c1
t386,t386_c2
t386,t386_c3
t387,t387_c1
t387,t387_c2
t387,t387_c3
t388,t388_c1
t388,t388_c2
t388,t388_c3
t389,t389_c1
t389,t389_c2
t389,t389_c3
t39,t39_c1
t39,t39_c2
t39,t39_c3
t39,t39_c4
t390,t390_c1
t390,t390_c2
t391,t391_c1
t391,t391_c2
t391,t391_c3
t391,t391_c4
t392,t392_c1
t392,t392_c2
t392,t392_c3
t392,t392_c4
t393,t393_c1
t393,t393_c2
t393,t393_c3
t393,t393_c4
t394,t394_c1
t394,t394_c2
t394,t394_c3
t395,t395_c1
t395,t395_c2
t396,t396_c1
t396,t396_c2
t397,t397_c1
t397,t397_c2
t397,t397_c3
t397,t397_c4
t398,t398_c1
t398,t398_c2
t398,t398_c3
t399,t399_c1
t399,t399_c2
t399,t399_c3
t399,t399_c4
t4,t4_c1
t4,t4_c2
t4,t4_c3
t40,t40_c1
t40,t40_c2
t40,t40_c3
t40,t40_c4
t400,t400_c1
t400,t400_c2
t401,t401_c1
t401,t401_c2
t402,t402_c1
t402,t402_c2
t402,t402_c3
t402,t402_c4
t403,t403_c1
t403,t403_c2
t403,t403_c3
t403,t403_c4
t404,t404_c1
t404,t404_c2
t404,t404_c3
t404,t404_c4
t405,t405_c1
t405,t405_c2
t405,t405_c3
t406,t406_c1
t406,t406_c2
t406,t406_c3
t406,t406_c4
t407,t407_c1
t407,t407_c2
t407,t407_c3
t408,t408_c1
t408,t408_c2
t408,t408_c3
t408,t408_c4
t409,t409_c1
t409,t409_c2
t409,t409_c3
t41,t41_c1
t41,t41_c2
t41,t41_c3
t41,t41_c4
t410,t410_c1
t410,t410_c2
t411,t411_c1
t411,t411_c2
t412,t412_c1
t412,t412_c2
t412,t412_c3
t412,t412_c4
t413,t413_c1
t413,t413_c2
t413,t413_c3
t414,t414_c1
t414,t414_c2
t415,t415_c1
t415,t415_c2
t415,t415_c3
t416,t416_c1
t416,t416_c2
t416,t416_c3
t417,t417_c1
t417,t417_c2
t418,t418_c1
t418,t418_c2
t419,t419_c1
t419,t419_c2
t419,t419_c3
t419,t419_c4
t42,t42_c1
t42,t42_c2
t42,t42_c3
t42,t42_c4
t420,t420_c1
t420,t420_c2
t420,t420_c3
t420,t420_c4
t421,t421_c1
t421,t421_c2
t421,t421_c3
t421,t421_c4
t422,t422_c1
t422,t422_c2
t423,t423_c1
t423,t423_c2
t423,t423_c3
t424,t424_c1
t424,t424_c2
t425,t425_c1
t425,t425_c2
t426,t426_c1
t426,t426_c2
t426,t426_c3
t426,t426_c4
t427,t427_c1
t427,t427_c2
t428,t428_c1
t428,t428_c2
t428,t428_c3
t429,t429_c1
t429,t429_c2
t429,t429_c3
t43,t43_c1
t43,t43_c2
t43,t43_c3
t43,t43_c4
t430,t430_c1
t430,t430_c2
t431,t431_c1
t431,t431_c2
t432,t432_c1
t432,t432_c2
t432,t432_c3
t433,t433_c1
t433,t433_c2
t434,t434_c1
t434,t434_c2
t434,t434_c3
t434,t434_c4
t435,t435_c1
t435,t435_c2
t435,t435_c3
t435,t435_c4
t436,t436_c1
t436,t436_c2
t436,t436_c3
t437,t437_c1
t437,t437_c2
t437,t437_c3
t437,t437_c4
t438,t438_c1
t438,t438_c2
t438,t438_c3
t439,t439_c1
t439,t439_c2
t439,t439_c3
t44,t44_c1
t44,t44_c2
t44,t44_c3
t440,t440_c1
t440,t440_c2
t441,t441_c1
t441,t441_c2
t442,t442_c1
t442,t442_c2
t442,t442_c3
t442,t442_c4
t443,t443_c1
t443,t443_c2
t443,t443_c3
t443,t443_c4
t444,t444_c1
t444,t444_c2
t445,t445_c1
t445,t445_c2
t445,t445_c3
t445,t445_c4
t446,t446_c1
t446,t446_c2
t446,t446_c3
t446,t446_c4
t447,t447_c1
t447,t447_c2
t447,t447_c3
t448,t448_c1
t448,t448_c2
t449,t449_c1
t449,t449_c2
t45,t45_c1
t45,t45_c2
t450,t450_c1
t450,t450_c2
t450,t450_c3
t450,t450_c4
t451,t451_c1
t451,t451_c2
t452,t452_c1
t452,t452_c2
t452,t452_c3
t453,t453_c1
t453,t453_c2
t453,t453_c3
t454,t454_c1
t454,t454_c2
t454,t454_c3
t455,t455_c1
t455,t455_c2
t455,t455_c3
t456,t456_c1
t456,t456_c2
t456,t456_c3
t456,t456_c4
t457,t457_c1
t457,t457_c2
t458,t458_c1
t458,t458_c2
t459,t459_c1
t459,t459_c2
t459,t459_c3
t46,t46_c1
t46,t46_c2
t46,t46_c3
t46,t46_c4
t460,t460_c1
t460,t460_c2
t460,t460_c3
t460,t460_c4
t461,t461_c1
t461,t461_c2
t461,t461_c3
t462,t462_c1
t462,t462_c2
t463,t463_c1
t463,t463_c2
t463,t463_c3
t464,t464_c1
t464,t464_c2
t465,t465_c1
t465,t465_c2
t465,t465_c3
t465,t465_c4
t466,t466_c1
t466,t466_c2
t466,t466_c3
t466,t466_c4
t467,t467_c1
t467,t467_c2
t468,t468_c1
t468,t468_c2
t468,t468_c3
t469,t469_c1
t469,t469_c2
t47,t47_c1
t47,t47_c2
t47,t47_c3
t470,t470_c1
t470,t470_c2
t471,t471_c1
t471,t471_c2
t471,t471_c3
t471,t471_c4
t472,t472_c1
t472,t472_c2
t472,t472_c3
t473,t473_c1
t473,t473_c2
t473,t473_c3
t473,t473_c4
t474,t474_c1
t474,t474_c2
t474,t474_c3
t474,t474_c4
t475,t475_c1
t475,t475_c2
t476,t476_c1
t476,t476_c2
t476,t476_c3
t476,t476_c4
t477,t477_c1
t477,t477_c2
t477,t477_c3
t477,t477_c4
t478,t478_c1
t478,t478_c2
t478,t478_c3
t478,t478_c4
t479,t479_c1
t479,t479_c2
t48,t48_c1
t48,t48_c2
t48,t48_c3
t48,t48_c4
t480,t480_c1
t480,t480_c2
t480,t480_c3
t481,t481_c1
t481,t481_c2
t482,t482_c1
t482,t482_c2
t482,t482_c3
t483,t483_c1
t483,t483_c2
t483,t483_c3
t484,t484_c1
t484,t484_c2
t485,t485_c1
t485,t485_c2
t486,t486_c1
t486,t486_c2
t486,t486_c3
t486,t486_c4
t487,t487_c1
t487,t487_c2
t487,t487_c3
t487,t487_c4
t488,t488_c1
t488,t488_c2
t488,t488_c3
t488,t488_c4
t489,t489_c1
t489,t489_c2
t489,t489_c3
t489,t489_c4
t49,t49_c1
t49,t49_c2
t49,t49_c3
t490,t490_c1
t490,t490_c2
t490,t490_c3
t490,t490_c4
t491,t491_c1
t491,t491_c2
t491,t491_c3
t492,t492_c1
t492,t492_c2
t492,t492_c3
t493,t493_c1
t493,t493_c2
t493,t493_c3
t493,t493_c4
t494,t494_c1
t494,t494_c2
t494,t494_c3
t494,t494_c4
t495,t495_c1
t495,t495_c2
t495,t495_c3
t495,t495_c4
t496,t496_c1
t496,t496_c2
t496,t496_c3
t496,t496_c4
t497,t497_c1
t497,t497_c2
t497,t497_c3
t497,t497_c4
t498,t498_c1
t498,t498_c2
t498,t498_c3
t499,t499_c1
t499,t499_c2
t5,t5_c1
t5,t5_c2
t50,t50_c1
t50,t50_c2
t50,t50_c3
t500,t500_c1
t500,t500_c2
t500,t500_c3
t500,t500_c4
t501,t501_c1
t501,t501_c2
t502,t502_c1
t502,t502_c2
t502,t502_c3
t503,t503_c1
t503,t503_c2
t503,t503_c3
t503,t503_c4
t504,t504_c1
t504,t504_c2
t505,t505_c1
t505,t505_c2
t506,t506_c1
t506,t506_c2
t506,t506_c3
t506,t506_c4
t507,t507_c1
t507,t507_c2
t507,t507_c3
t507,t507_c4
t508,t508_c1
t508,t508_c2
t508,t508_c3
t509,t509_c1
t509,t509_c2
t509,t509_c3
t51,t51_c1
t51,t51_c2
t51,t51_c3
t51,t51_c4
t510,t510_c1
t510,t510_c2
t510,t510_c3
t510,t510_c4
t511,t511_c1
t511,t511_c2
t511,t511_c3
t512,t512_c1
t512,t512_c2
t513,t513_c1
t513,t513_c2
t513,t513_c3
t514,t514_c1
t514,t514_c2
t514,t514_c3
t515,t515_c1
t515,t515_c2
t515,t515_c3
t515,t515_c4
t516,t516_c1
t516,t516_c2
t516,t516_c3
t517,t517_c1
t517,t517_c2
t517,t517_c3
t517,t517_c4
t518,t518_c1
t518,t518_c2
t519,t519_c1
t519,t519_c2
t519,t519_c3
t52,t52_c1
t52,t52_c2
t520,t520_c1
t520,t520_c2
t521,t521_c1
t521,t521_c2
t521,t521_c3
t521,t521_c4
t522,t522_c1
t522,t522_c2
t522,t522_c3
t523,t523_c1
t523,t523_c2
t524,t524_c1
t524,t524_c2
t524,t524_c3
t524,t524_c4
t525,t525_c1
t525,t525_c2
t525,t525_c3
t526,t526_c1
t526,t526_c2
t526,t526_c3
t527,t527_c1
t527,t527_c2
t527,t527_c3
t528,t528_c1
t528,t528_c2
t528,t528_c3
t529,t529_c1
t529,t529_c2
t529,t529_c3
t529,t529_c4
t53,t53_c1
t53,t53_c2
t530,t530_c1
t530,t530_c2
t531,t531_c1
t531,t531_c2
t532,t532_c1
t532,t532_c2
t532,t532_c3
t533,t533_c1
t533,t533_c2
t533,t533_c3
t533,t533_c4
t534,t534_c1
t534,t534_c2
t535,t535_c1
t535,t535_c2
t536,t536_c1
t536,t536_c2
t536,t536_c3
t537,t537_c1
t537,t537_c2
t537,t537_c3
t537,t537_c4
t538,t538_c1
t538,t538_c2
t539,t539_c1
t539,t539_c2
t54,t54_c1
t54,t54_c2
t54,t54_c3
t540,t540_c1
t540,t540_c2
t541,t541_c1
t541,t541_c2
t541,t541_c3
t542,t542_c1
t542,t542_c2
t542,t542_c3
t542,t542_c4
t543,t543_c1
t543,t543_c2
t544,t544_c1
t544,t544_c2
t545,t545_c1
t545,t545_c2
t545,t545_c3
t545,t545_c4
t546,t546_c1
t546,t546_c2
t546,t546_c3
t547,t547_c1
t547,t547_c2
t548,t548_c1
t548,t548_c2
t548,t548_c3
t548,t548_c4
t549,t549_c1
t549,t549_c2
t549,t549_c3
t549,t549_c4
t55,t55_c1
t55,t55_c2
t550,t550_c1
t550,t550_c2
t550,t550_c3
t550,t550_c4
t551,t551_c1
t551,t551_c2
t551,t551_c3
t551,t551_c4
t552,t552_c1
t552,t552_c2
t553,t553_c1
t553,t553_c2
t554,t554_c1
t554,t554_c2
t554,t554_c3
t554,t554_c4
t555,t555_c1
t555,t555_c2
t556,t556_c1
t556,t556_c2
t557,t557_c1
t557,t557_c2
t558,t558_c1
t558,t558_c2
t558,t558_c3
t558,t558_c4
t559,t559_c1
t559,t559_c2
t56,t56_c1
t56,t56_c2
t56,t56_c3
t560,t560_c1
t560,t560_c2
t560,t560_c3
t560,t560_c4
t561,t561_c1
t561,t561_c2
t562,t562_c1
t562,t562_c2
t562,t562_c3
t563,t563_c1
t563,t563_c2
t563,t563_c3
t563,t563_c4
t564,t564_c1
t564,t564_c2
t564,t564_c3
t565,t565_c1
t565,t565_c2
t565,t565_c3
t565,t565_c4
t566,t566_c1
t566,t566_c2
t566,t566_c3
t567,t567_c1
t567,t567_c2
t567,t567_c3
t567,t567_c4
t568,t568_c1
t568,t568_c2
t569,t569_c1
t569,t569_c2
t57,t57_c1
t57,t57_c2
t57,t57_c3
t570,t570_c1
t570,t570_c2
t571,t571_c1
t571,t571_c2
t572,t572_c1
t572,t572_c2
t573,t573_c1
t573,t573_c2
t574,t574_c1
t574,t574_c2
t575,t575_c1
t575,t575_c2
t576,t576_c1
t576,t576_c2
t576,t576_c3
t577,t577_c1
t577,t577_c2
t577,t577_c3
t577,t577_c4
t578,t578_c1
t578,t578_c2
t579,t579_c1
t579,t579_c2
t58,t58_c1
t58,t58_c2
t580,t580_c1
t580,t580_c2
t581,t581_c1
t581,t581_c2
t581,t581_c3
t581,t581_c4
t582,t582_c1
t582,t582_c2
t582,t582_c3
t583,t583_c1
t583,t583_c2
t583,t583_c3
t583,t583_c4
t584,t584_c1
t584,t584_c2
t585,t585_c1
t585,t585_c2
t585,t585_c3
t585,t585_c4
t586,t586_c1
t586,t586_c2
t586,t586_c3
t587,t587_c1
t587,t587_c2
t587,t587_c3
t588,t588_c1
t588,t588_c2
t588,t588_c3
t588,t588_c4
t589,t589_c1
t589,t589_c2
t59,t59_c1
t59,t59_c2
t59,t59_c3
t59,t59_c4
t590,t590_c1
t590,t590_c2
t590,t590_c3
t590,t590_c4
t591,t591_c1
t591,t591_c2
t592,t592_c1
t592,t592_c2
t593,t593_c1
t593,t593_c2
t593,t593_c3
t594,t594_c1
t594,t594_c2
t594,t594_c3
t594,t594_c4
t595,t595_c1
t595,t595_c2
t596,t596_c1
t596,t596_c2
t596,t596_c3
t596,t596_c4
t597,t597_c1
t597,t597_c2
t597,t597_c3
t597,t597_c4
t598,t598_c1
t598,t598_c2
t598,t598_c3
t598,t598_c4
t599,t599_c1
t599,t599_c2
t599,t599_c3
t599,t599_c4
t6,t6_c1
t6,t6_c2
t60,t60_c1
t60,t60_c2
t600,t600_c1
t600,t600_c2
t600,t600_c3
t600,t600_c4
t601,t601_c1
t601,t601_c2
t602,t602_c1
t602,t602_c2
t602,t602_c3
t603,t603_c1
t603,t603_c2
t603,t603_c3
t603,t603_c4
t604,t604_c1
t604,t604_c2
t605,t605_c1
t605,t605_c2
t605,t605_c3
t606,t606_c1
t606,t606_c2
t607,t607_c1
t607,t607_c2
t607,t607_c3
t608,t608_c1
t608,t608_c2
t609,t609_c1
t609,t609_c2
t609,t609_c3
t61,t61_c1
t61,t61_c2
t61,t61_c3
t610,t610_c1
t610,t610_c2
t610,t610_c3
t610,t610_c4
t611,t611_c1
t611,t611_c2
t612,t612_c1
t612,t612_c2
t612,t612_c3
t612,t612_c4
t613,t613_c1
t613,t613_c2
t613,t613_c3
t614,t614_c1
t614,t614_c2
t615,t615_c1
t615,t615_c2
t616,t616_c1
t616,t616_c2
t616,t616_c3
t616,t616_c4
t617,t617_c1
t617,t617_c2
t618,t618_c1
t618,t618_c2
t618,t618_c3
t618,t618_c4
t619,t619_c1
t619,t619_c2
t619,t619_c3
t619,t619_c4
t62,t62_c1
t62,t62_c2
t62,t62_c3
t620,t620_c1
t620,t620_c2
t621,t621_c1
t621,t621_c2
t621,t621_c3
t622,t622_c1
t622,t622_c2
t622,t622_c3
t623,t623_c1
t623,t623_c2
t623,t623_c3
t623,t623_c4
t624,t624_c1
t624,t624_c2
t624,t624_c3
t625,t625_c1
t625,t625_c2
t625,t625_c3
t625,t625_c4
t626,t626_c1
t626,t626_c2
t626,t626_c3
t627,t627_c1
t627,t627_c2
t628,t628_c1
t628,t628_c2
t629,t629_c1
t629,t629_c2
t629,t629_c3
t63,t63_c1
t63,t63_c2
t63,t63_c3
t63,t63_c4
t630,t630_c1
t630,t630_c2
t630,t630_c3
t631,t631_c1
t631,t631_c2
t631,t631_c3
t632,t632_c1
t632,t632_c2
t632,t632_c3
t633,t633_c1
t633,t633_c2
t633,t633_c3
t633,t633_c4
t634,t634_c1
t634,t634_c2
t635,t635_c1
t635,t635_c2
t635,t635_c3
t635,t635_c4
t636,t636_c1
t636,t636_c2
t637,t637_c1
t637,t637_c2
t637,t637_c3
t638,t638_c1
t638,t638_c2
t638,t638_c3
t639,t639_c1
t639,t639_c2
t639,t639_c3
t639,t639_c4
t64,t64_c1
t64,t64_c2
t64,t64_c3
t64,t64_c4
t640,t640_c1
t640,t640_c2
t641,t641_c1
t641,t641_c2
t642,t642_c1
t642,t642_c2
t642,t642_c3
t642,t642_c4
t643,t643_c1
t643,t643_c2
t644,t644_c1
t644,t644_c2
t644,t644_c3
t644,t644_c4
t645,t645_c1
t645,t645_c2
t646,t646_c1
t646,t646_c2
t646,t646_c3
t646,t646_c4
t647,t647_c1
t647,t647_c2
t647,t647_c3
t647,t647_c4
t648,t648_c1
t648,t648_c2
t648,t648_c3
t649,t649_c1
t649,t649_c2
t65,t65_c1
t65,t65_c2
t650,t650_c1
t650,t650_c2
t651,t651_c1
t651,t651_c2
t651,t651_c3
t651,t651_c4
t652,t652_c1
t652,t652_c2
t652,t652_c3
t653,t653_c1
t653,t653_c2
t653,t653_c3
t653,t653_c4
t654,t654_c1
t654,t654_c2
t654,t654_c3
t655,t655_c1
t655,t655_c2
t656,t656_c1
t656,t656_c2
t657,t657_c1
t657,t657_c2
t658,t658_c1
t658,t658_c2
t658,t658_c3
t659,t659_c1
t659,t659_c2
t659,t659_c3
t659,t659_c4
t66,t66_c1
t66,t66_c2
t660,t660_c1
t660,t660_c2
t661,t661_c1
t661,t661_c2
t662,t662_c1
t662,t662_c2
t662,t662_c3
t662,t662_c4
t663,t663_c1
t663,t663_c2
t664,t664_c1
t664,t664_c2
t664,t664_c3
t665,t665_c1
t665,t665_c2
t665,t665_c3
t666,t666_c1
t666,t666_c2
t666,t666_c3
t667,t667_c1
t667,t667_c2
t667,t667_c3
t668,t668_c1
t668,t668_c2
t669,t669_c1
t669,t669_c2
t669,t669_c3
t67,t67_c1
t67,t67_c2
t67,t67_c3
t670,t670_c1
t670,t670_c2
t670,t670_c3
t671,t671_c1
t671,t671_c2
t672,t672_c1
t672,t672_c2
t673,t673_c1
t673,t673_c2
t674,t674_c1
t674,t674_c2
t674,t674_c3
t675,t675_c1
t675,t675_c2
t675,t675_c3
t675,t675_c4
t676,t676_c1
t676,t676_c2
t676,t676_c3
t677,t677_c1
t677,t677_c2
t677,t677_c3
t678,t678_c1
t678,t678_c2
t679,t679_c1
t679,t679_c2
t679,t679_c3
t679,t679_c4
t68,t68_c1
t68,t68_c2
t680,t680_c1
t680,t680_c2
t681,t681_c1
t681,t681_c2
t681,t681_c3
t681,t681_c4
t682,t682_c1
t682,t682_c2
t682,t682_c3
t683,t683_c1
t683,t683_c2
t683,t683_c3
t683,t683_c4
t684,t684_c1
t684,t684_c2
t685,t685_c1
t685,t685_c2
t685,t685_c3
t686,t686_c1
t686,t686_c2
t686,t686_c3
t686,t686_c4
t687,t687_c1
t687,t687_c2
t688,t688_c1
t688,t688_c2
t689,t689_c1
t689,t689_c2
t689,t689_c3
t69,t69_c1
t69,t69_c2
t69,t69_c3
t69,t69_c4
t690,t690_c1
t690,t690_c2
t690,t690_c3
t691,t691_c1
t691,t691_c2
t692,t692_c1
t692,t692_c2
t692,t692_c3
t693,t693_c1
t693,t693_c2
t693,t693_c3
t693,t693_c4
t694,t694_c1
t694,t694_c2
t694,t694_c3
t694,t694_c4
t695,t695_c1
t695,t695_c2
t695,t695_c3
t695,t695_c4
t696,t696_c1
t696,t696_c2
t697,t697_c1
t697,t697_c2
t697,t697_c3
t698,t698_c1
t698,t698_c2
t699,t699_c1
t699,t699_c2
t7,t7_c1
t7,t7_c2
t7,t7_c3
t70,t70_c1
t70,t70_c2
t70,t70_c3
t70,t70_c4
t700,t700_c1
t700,t700_c2
t700,t700_c3
t701,t701_c1
t701,t701_c2
t701,t701_c3
t701,t701_c4
t702,t702_c1
t702,t702_c2
t703,t703_c1
t703,t703_c2
t703,t703_c3
t703,t703_c4
t704,t704_c1
t704,t704_c2
t704,t704_c3
t705,t705_c1
t705,t705_c2
t705,t705_c3
t706,t706_c1
t706,t706_c2
t707,t707_c1
t707,t707_c2
t708,t708_c1
t708,t708_c2
t708,t708_c3
t708,t708_c4
t709,t709_c1
t709,t709_c2
t709,t709_c3
t709,t709_c4
t71,t71_c1
t71,t71_c2
t71,t71_c3
t710,t710_c1
t710,t710_c2
t710,t710_c3
t711,t711_c1
t711,t711_c2
t712,t712_c1
t712,t712_c2
t713,t713_c1
t713,t713_c2
t713,t713_c3
t714,t714_c1
t714,t714_c2
t714,t714_c3
t715,t715_c1
t715,t715_c2
t716,t716_c1
t716,t716_c2
t716,t716_c3
t716,t716_c4
t717,t717_c1
t717,t717_c2
t717,t717_c3
t718,t718_c1
t718,t718_c2
t718,t718_c3
t718,t718_c4
t719,t719_c1
t719,t719_c2
t719,t719_c3
t719,t719_c4
t72,t72_c1
t72,t72_c2
t720,t720_c1
t720,t720_c2
t721,t721_c1
t721,t721_c2
t722,t722_c1
t722,t722_c2
t722,t722_c3
t723,t723_c1
t723,t723_c2
t723,t723_c3
t723,t723_c4
t724,t724_c1
t724,t724_c2
t725,t725_c1
t725,t725_c2
t725,t725_c3
t725,t725_c4
t726,t726_c1
t726,t726_c2
t727,t727_c1
t727,t727_c2
t728,t728_c1
t728,t728_c2
t728,t728_c3
t729,t729_c1
t729,t729_c2
t729,t729_c3
t729,t729_c4
t73,t73_c1
t73,t73_c2
t73,t73_c3
t73,t73_c4
t730,t730_c1
t730,t730_c2
t730,t730_c3
t731,t731_c1
t731,t731_c2
t731,t731_c3
t732,t732_c1
t732,t732_c2
t732,t732_c3
t732,t732_c4
t733,t733_c1
t733,t733_c2
t734,t734_c1
t734,t734_c2
t734,t734_c3
t734,t734_c4
t735,t735_c1
t735,t735_c2
t735,t735_c3
t736,t736_c1
t736,t736_c2
t736,t736_c3
t737,t737_c1
t737,t737_c2
t738,t738_c1
t738,t738_c2
t738,t738_c3
t738,t738_c4
t739,t739_c1
t739,t739_c2
t739,t739_c3
t739,t739_c4
t74,t74_c1
t74,t74_c2
t74,t74_c3
t74,t74_c4
t740,t740_c1
t740,t740_c2
t740,t740_c3
t740,t740_c4
t741,t741_c1
t741,t741_c2
t742,t742_c1
t742,t742_c2
t743,t743_c1
t743,t743_c2
t744,t744_c1
t744,t744_c2
t744,t744_c3
t744,t744_c4
t745,t745_c1
t745,t745_c2
t745,t745_c3
t746,t746_c1
t746,t746_c2
t746,t746_c3
t747,t747_c1
t747,t747_c2
t747,t747_c3
t747,t747_c4
t748,t748_c1
t748,t748_c2
t748,t748_c3
t749,t749_c1
t749,t749_c2
t749,t749_c3
t75,t75_c1
t75,t75_c2
t750,t750_c1
t750,t750_c2
t751,t751_c1
t751,t751_c2
t752,t752_c1
t752,t752_c2
t752,t752_c3
t752,t752_c4
t753,t753_c1
t753,t753_c2
t753,t753_c3
t754,t754_c1
t754,t754_c2
t755,t755_c1
t755,t755_c2
t755,t755_c3
t756,t756_c1
t756,t756_c2
t756,t756_c3
t756,t756_c4
t757,t757_c1
t757,t757_c2
t757,t757_c3
t758,t758_c1
t758,t758_c2
t759,t759_c1
t759,t759_c2
t76,t76_c1
t76,t76_c2
t760,t760_c1
t760,t760_c2
t760,t760_c3
t760,t760_c4
t761,t761_c1
t761,t761_c2
t761,t761_c3
t761,t761_c4
t762,t762_c1
t762,t762_c2
t762,t762_c3
t763,t763_c1
t763,t763_c2
t764,t764_c1
t764,t764_c2
t764,t764_c3
t764,t764_c4
t765,t765_c1
t765,t765_c2
t766,t766_c1
t766,t766_c2
t766,t766_c3
t767,t767_c1
t767,t767_c2
t768,t768_c1
t768,t768_c2
t768,t768_c3
t768,t768_c4
t769,t769_c1
t769,t769_c2
t769,t769_c3
t769,t769_c4
t77,t77_c1
t77,t77_c2
t77,t77_c3
t770,t770_c1
t770,t770_c2
t770,t770_c3
t771,t771_c1
t771,t771_c2
t771,t771_c3
t771,t771_c4
t772,t772_c1
t772,t772_c2
t773,t773_c1
t773,t773_c2
t773,t773_c3
t774,t774_c1
t774,t774_c2
t774,t774_c3
t774,t774_c4
t775,t775_c1
t775,t775_c2
t775,t775_c3
t775,t775_c4
t776,t776_c1
t776,t776_c2
t776,t776_c3
t776,t776_c4
t777,t777_c1
t777,t777_c2
t777,t777_c3
t778,t778_c1
t778,t778_c2
t778,t778_c3
t778,t778_c4
t779,t779_c1
t779,t779_c2
t78,t78_c1
t78,t78_c2
t78,t78_c3
t780,t780_c1
t780,t780_c2
t780,t780_c3
t781,t781_c1
t781,t781_c2
t782,t782_c1
t782,t782_c2
t782,t782_c3
t782,t782_c4
t783,t783_c1
t783,t783_c2
t784,t784_c1
t784,t784_c2
t784,t784_c3
t785,t785_c1
t785,t785_c2
t785,t785_c3
t785,t785_c4
t786,t786_c1
t786,t786_c2
t787,t787_c1
t787,t787_c2
t788,t788_c1
t788,t788_c2
t788,t788_c3
t788,t788_c4
t789,t789_c1
t789,t789_c2
t789,t789_c3
t79,t79_c1
t79,t79_c2
t79,t79_c3
t790,t790_c1
t790,t790_c2
t790,t790_c3
t790,t790_c4
t791,t791_c1
t791,t791_c2
t791,t791_c3
t792,t792_c1
t792,t792_c2
t793,t793_c1
t793,t793_c2
t793,t793_c3
t793,t793_c4
t794,t794_c1
t794,t794_c2
t794,t794_c3
t795,t795_c1
t795,t795_c2
t795,t795_c3
t795,t795_c4
t796,t796_c1
t796,t796_c2
t796,t796_c3
t796,t796_c4
t797,t797_c1
t797,t797_c2
t797,t797_c3
t798,t798_c1
t798,t798_c2
t799,t799_c1
t799,t799_c2
t799,t799_c3
t799,t799_c4
t8,t8_c1
t8,t8_c2
t8,t8_c3
t8,t8_c4
t80,t80_c1
t80,t80_c2
t80,t80_c3
t800,t800_c1
t800,t800_c2
t800,t800_c3
t800,t800_c4
t801,t801_c1
t801,t801_c2
t801,t801_c3
t802,t802_c1
t802,t802_c2
t802,t802_c3
t803,t803_c1
t803,t803_c2
t803,t803_c3
t804,t804_c1
t804,t804_c2
t805,t805_c1
t805,t805_c2
t805,t805_c3
t806,t806_c1
t806,t806_c2
t807,t807_c1
t807,t807_c2
t807,t807_c3
t808,t808_c1
t808,t808_c2
t809,t809_c1
t809,t809_c2
t809,t809_c3
t81,t81_c1
t81,t81_c2
t81,t81_c3
t81,t81_c4
t810,t810_c1
t810,t810_c2
t810,t810_c3
t810,t810_c4
t811,t811_c1
t811,t811_c2
t812,t812_c1
t812,t812_c2
t812,t812_c3
t813,t813_c1
t813,t813_c2
t813,t813_c3
t814,t814_c1
t814,t814_c2
t815,t815_c1
t815,t815_c2
t815,t815_c3
t815,t815_c4
t816,t816_c1
t816,t816_c2
t816,t816_c3
t816,t816_c4
t817,t817_c1
t817,t817_c2
t817,t817_c3
t818,t818_c1
t818,t818_c2
t818,t818_c3
t818,t818_c4
t819,t819_c1
t819,t819_c2
t819,t819_c3
t82,t82_c1
t82,t82_c2
t82,t82_c3
t82,t82_c4
t820,t820_c1
t820,t820_c2
t821,t821_c1
t821,t821_c2
t821,t821_c3
t822,t822_c1
t822,t822_c2
t822,t822_c3
t822,t822_c4
t823,t823_c1
t823,t823_c2
t823,t823_c3
t824,t824_c1
t824,t824_c2
t824,t824_c3
t824,t824_c4
t825,t825_c1
t825,t825_c2
t825,t825_c3
t826,t826_c1
t826,t826_c2
t826,t826_c3
t827,t827_c1
t827,t827_c2
t827,t827_c3
t828,t828_c1
t828,t828_c2
t829,t829_c1
t829,t829_c2
t829,t829_c3
t829,t829_c4
t83,t83_c1
t83,t83_c2
t830,t830_c1
t830,t830_c2
t831,t831_c1
t831,t831_c2
t831,t831_c3
t831,t831_c4
t832,t832_c1
t832,t832_c2
t833,t833_c1
t833,t833_c2
t833,t833_c3
t834,t834_c1
t834,t834_c2
t835,t835_c1
t835,t835_c2
t835,t835_c3
t835,t835_c4
t836,t836_c1
t836,t836_c2
t836,t836_c3
t837,t837_c1
t837,t837_c2
t837,t837_c3
t837,t837_c4
t838,t838_c1
t838,t838_c2
t838,t838_c3
t838,t838_c4
t839,t839_c1
t839,t839_c2
t839,t839_c3
t839,t839_c4
t84,t84_c1
t84,t84_c2
t840,t840_c1
t840,t840_c2
t840,t840_c3
t840,t840_c4
t841,t841_c1
t841,t841_c2
t842,t842_c1
t842,t842_c2
t842,t842_c3
t843,t843_c1
t843,t843_c2
t843,t843_c3
t843,t843_c4
t844,t844_c1
t844,t844_c2
t845,t845_c1
t845,t845_c2
t846,t846_c1
t846,t846_c2
t847,t847_c1
t847,t847_c2
t848,t848_c1
t848,t848_c2
t848,t848_c3
t849,t849_c1
t849,t849_c2
t849,t849_c3
t849,t849_c4
t85,t85_c1
t85,t85_c2
t85,t85_c3
t850,t850_c1
t850,t850_c2
t851,t851_c1
t851,t851_c2
t851,t851_c3
t851,t851_c4
t852,t852_c1
t852,t852_c2
t853,t853_c1
t853,t853_c2
t853,t853_c3
t854,t854_c1
t854,t854_c2
t854,t854_c3
t854,t854_c4
t855,t855_c1
t855,t855_c2
t855,t855_c3
t855,t855_c4
t856,t856_c1
t856,t856_c2
t856,t856_c3
t856,t856_c4
t857,t857_c1
t857,t857_c2
t857,t857_c3
t858,t858_c1
t858,t858_c2
t859,t859_c1
t859,t859_c2
t859,t859_c3
t86,t86_c1
t86,t86_c2
t86,t86_c3
t86,t86_c4
t860,t860_c1
t860,t860_c2
t860,t860_c3
t861,t861_c1
t861,t861_c2
t861,t861_c3
t862,t862_c1
t862,t862_c2
t862,t862_c3
t863,t863_c1
t863,t863_c2
t863,t863_c3
t864,t864_c1
t864,t864_c2
t864,t864_c3
t864,t864_c4
t865,t865_c1
t865,t865_c2
t866,t866_c1
t866,t866_c2
t866,t866_c3
t866,t866_c4
t867,t867_c1
t867,t867_c2
t867,t867_c3
t867,t867_c4
t868,t868_c1
t868,t868_c2
t869,t869_c1
t869,t869_c2
t869,t869_c3
t869,t869_c4
t87,t87_c1
t87,t87_c2
t87,t87_c3
t87,t87_c4
t870,t870_c1
t870,t870_c2
t870,t870_c3
t870,t870_c4
t871,t871_c1
t871,t871_c2
t871,t871_c3
t871,t871_c4
t872,t872_c1
t872,t872_c2
t872,t872_c3
t872,t872_c4
t873,t873_c1
t873,t873_c2
t874,t874_c1
t874,t874_c2
t874,t874_c3
t874,t874_c4
t875,t875_c1
t875,t875_c2
t875,t875_c3
t875,t875_c4
t876,t876_c1
t876,t876_c2
t877,t877_c1
t877,t877_c2
t877,t877_c3
t877,t877_c4
t878,t878_c1
t878,t878_c2
t878,t878_c3
t878,t878_c4
t879,t879_c1
t879,t879_c2
t88,t88_c1
t88,t88_c2
t880,t880_c1
t880,t880_c2
t880,t880_c3
t880,t880_c4
t881,t881_c1
t881,t881_c2
t882,t882_c1
t882,t882_c2
t882,t882_c3
t883,t883_c1
t883,t883_c2
t883,t883_c3
t884,t884_c1
t884,t884_c2
t884,t884_c3
t884,t884_c4
t885,t885_c1
t885,t885_c2
t885,t885_c3
t886,t886_c1
t886,t886_c2
t887,t887_c1
t887,t887_c2
t888,t888_c1
t888,t888_c2
t888,t888_c3
t889,t889_c1
t889,t889_c2
t889,t889_c3
t889,t889_c4
t89,t89_c1
t89,t89_c2
t89,t89_c3
t890,t890_c1
t890,t890_c2
t890,t890_c3
t891,t891_c1
t891,t891_c2
t891,t891_c3
t892,t892_c1
t892,t892_c2
t892,t892_c3
t892,t892_c4
t893,t893_c1
t893,t893_c2
t893,t893_c3
t894,t894_c1
t894,t894_c2
t894,t894_c3
t894,t894_c4
t895,t895_c1
t895,t895_c2
t895,t895_c3
t895,t895_c4
t896,t896_c1
t896,t896_c2
t896,t896_c3
t897,t897_c1
t897,t897_c2
t897,t897_c3
t897,t897_c4
t898,t898_c1
t898,t898_c2
t899,t899_c1
t899,t899_c2
t899,t899_c3
t9,t9_c1
t9,t9_c2
t9,t9_c3
t90,t90_c1
t90,t90_c2
t900,t900_c1
t900,t900_c2
t900,t900_c3
t901,t901_c1
t901,t901_c2
t901,t901_c3
t901,t901_c4
t902,t902_c1
t902,t902_c2
t902,t902_c3
t902,t902_c4
t903,t903_c1
t903,t903_c2
t904,t904_c1
t904,t904_c2
t904,t904_c3
t905,t905_c1
t905,t905_c2
t906,t906_c1
t906,t906_c2
t907,t907_c1
t907,t907_c2
t908,t908_c1
t908,t908_c2
t908,t908_c3
t908,t908_c4
t909,t909_c1
t909,t909_c2
t909,t909_c3
t909,t909_c4
t91,t91_c1
t91,t91_c2
t91,t91_c3
t91,t91_c4
t910,t910_c1
t910,t910_c2
t910,t910_c3
t910,t910_c4
t911,t911_c1
t911,t911_c2
t911,t911_c3
t911,t911_c4
t912,t912_c1
t912,t912_c2
t912,t912_c3
t912,t912_c4
t913,t913_c1
t913,t913_c2
t913,t913_c3
t913,t913_c4
t914,t914_c1
t914,t914_c2
t914,t914_c3
t914,t914_c4
t915,t915_c1
t915,t915_c2
t915,t915_c3
t915,t915_c4
t916,t916_c1
t916,t916_c2
t916,t916_c3
t916,t916_c4
t917,t917_c1
t917,t917_c2
t918,t918_c1
t918,t918_c2
t918,t918_c3
t918,t918_c4
t919,t919_c1
t919,t919_c2
t919,t919_c3
t919,t919_c4
t92,t92_c1
t92,t92_c2
t920,t920_c1
t920,t920_c2
t920,t920_c3
t921,t921_c1
t921,t921_c2
t921,t921_c3
t921,t921_c4
t922,t922_c1
t922,t922_c2
t922,t922_c3
t923,t923_c1
t923,t923_c2
t924,t924_c1
t924,t924_c2
t924,t924_c3
t925,t925_c1
t925,t925_c2
t926,t926_c1
t926,t926_c2
t926,t926_c3
t926,t926_c4
t927,t927_c1
t927,t927_c2
t928,t928_c1
t928,t928_c2
t928,t928_c3
t928,t928_c4
t929,t929_c1
t929,t929_c2
t929,t929_c3
t93,t93_c1
t93,t93_c2
t930,t930_c1
t930,t930_c2
t931,t931_c1
t931,t931_c2
t931,t931_c3
t931,t931_c4
t932,t932_c1
t932,t932_c2
t933,t933_c1
t933,t933_c2
t933,t933_c3
t933,t933_c4
t934,t934_c1
t934,t934_c2
t934,t934_c3
t935,t935_c1
t935,t935_c2
t936,t936_c1
t936,t936_c2
t936,t936_c3
t937,t937_c1
t937,t937_c2
t938,t938_c1
t938,t938_c2
t939,t939_c1
t939,t939_c2
t94,t94_c1
t94,t94_c2
t94,t94_c3
t940,t940_c1
t940,t940_c2
t940,t940_c3
t940,t940_c4
t941,t941_c1
t941,t941_c2
t942,t942_c1
t942,t942_c2
t943,t943_c1
t943,t943_c2
t944,t944_c1
t944,t944_c2
t944,t944_c3
t944,t944_c4
t945,t945_c1
t945,t945_c2
t946,t946_c1
t946,t946_c2
t946,t946_c3
t947,t947_c1
t947,t947_c2
t948,t948_c1
t948,t948_c2
t948,t948_c3
t949,t949_c1
t949,t949_c2
t949,t949_c3
t95,t95_c1
t95,t95_c2
t95,t95_c3
t950,t950_c1
t950,t950_c2
t950,t950_c3
t950,t950_c4
t951,t951_c1
t951,t951_c2
t951,t951_c3
t951,t951_c4
t952,t952_c1
t952,t952_c2
t953,t953_c1
t953,t953_c2
t953,t953_c3
t954,t954_c1
t954,t954_c2
t955,t955_c1
t955,t955_c2
t955,t955_c3
t956,t956_c1
t956,t956_c2
t956,t956_c3
t957,t957_c1
t957,t957_c2
t957,t957_c3
t958,t958_c1
t958,t958_c2
t958,t958_c3
t958,t958_c4
t959,t959_c1
t959,t959_c2
t96,t96_c1
t96,t96_c2
t96,t96_c3
t96,t96_c4
t960,t960_c1
t960,t960_c2
t960,t960_c3
t961,t961_c1
t961,t961_c2
t962,t962_c1
t962,t962_c2
t962,t962_c3
t963,t963_c1
t963,t963_c2
t963,t963_c3
t964,t964_c1
t964,t964_c2
t964,t964_c3
t965,t965_c1
t965,t965_c2
t965,t965_c3
t966,t966_c1
t966,t966_c2
t966,t966_c3
t966,t966_c4
t967,t967_c1
t967,t967_c2
t967,t967_c3
t967,t967_c4
t968,t968_c1
t968,t968_c2
t968,t968_c3
t969,t969_c1
t969,t969_c2
t969,t969_c3
t969,t969_c4
t97,t97_c1
t97,t97_c2
t970,t970_c1
t970,t970_c2
t971,t971_c1
t971,t971_c2
t971,t971_c3
t972,t972_c1
t972,t972_c2
t972,t972_c3
t972,t972_c4
t973,t973_c1
t973,t973_c2
t973,t973_c3
t973,t973_c4
t974,t974_c1
t974,t974_c2
t975,t975_c1
t975,t975_c2
t975,t975_c3
t975,t975_c4
t976,t976_c1
t976,t976_c2
t977,t977_c1
t977,t977_c2
t977,t977_c3
t977,t977_c4
t978,t978_c1
t978,t978_c2
t978,t978_c3
t979,t979_c1
t979,t979_c2
t98,t98_c1
t98,t98_c2
t98,t98_c3
t98,t98_c4
t980,t980_c1
t980,t980_c2
t980,t980_c3
t980,t980_c4
t981,t981_c1
t981,t981_c2
t982,t982_c1
t982,t982_c2
t983,t983_c1
t983,t983_c2
t983,t983_c3
t983,t983_c4
t984,t984_c1
t984,t984_c2
t985,t985_c1
t985,t985_c2
t985,t985_c3
t986,t986_c1
t986,t986_c2
t986,t986_c3
t986,t986_c4
t987,t987_c1
t987,t987_c2
t987,t987_c3
t987,t987_c4
t988,t988_c1
t988,t988_c2
t988,t988_c3
t988,t988_c4
t989,t989_c1
t989,t989_c2
t989,t989_c3
t989,t989_c4
t99,t99_c1
t99,t99_c2
t99,t99_c3
t990,t990_c1
t990,t990_c2
t991,t991_c1
t991,t991_c2
t991,t991_c3
t992,t992_c1
t992,t992_c2
t993,t993_c1
t993,t993_c2
t994,t994_c1
t994,t994_c2
t995,t995_c1
t995,t995_c2
t995,t995_c3
t995,t995_c4
t996,t996_c1
t996,t996_c2
t997,t997_c1
t997,t997_c2
t997,t997_c3
t998,t998_c1
t998,t998_c2
t998,t998_c3
t999,t999_c1
t999,t999_c2
t999,t999_c3
t999,t999_c4
