id,atom_id,atom_type
0,0,O
0,1,O
0,2,O
0,3,O
0,4,O
0,5,O
0,6,O
0,7,O
0,8,O
0,9,O
0,10,O
0,11,O
0,12,O
0,13,O
0,14,O
0,15,O
0,16,O
0,17,O
0,18,O
0,19,N
0,20,N
0,21,N
0,22,N
0,23,N
0,24,N
0,25,N
0,26,N
0,27,N
0,28,N
0,29,N
0,30,N
0,31,C
0,32,C
0,33,C
0,34,C
0,35,C
0,36,C
0,37,C
0,38,C
0,39,C
0,40,C
0,41,C
0,42,C
0,43,C
0,44,C
0,45,C
0,46,C
0,47,C
0,48,C
0,49,C
0,50,C
0,51,C
0,52,C
0,53,C
0,54,C
0,55,C
0,56,C
0,57,C
0,58,C
0,59,C
0,60,C
0,61,C
0,62,C
0,63,C
0,64,C
0,65,C
0,66,C
0,67,C
0,68,C
0,69,C
0,70,C
0,71,C
0,72,C
0,73,C
0,74,C
0,75,C
0,76,C
0,77,C
0,78,C
0,79,C
0,80,C
0,81,C
0,82,C
0,83,C
0,84,C
0,85,C
0,86,C
0,87,C
0,88,C
0,89,C
0,90,C
0,91,C
0,92,C
0,93,C
0,94,C
0,95,C
0,96,C
0,97,C
0,98,C
0,99,C
0,100,C
0,101,C
0,102,C
0,103,C
0,104,C
0,105,C
0,106,C
0,107,C
0,108,C
0,109,C
0,110,C
1,0,N
1,1,N
1,2,N
1,3,N
1,4,C
1,5,C
1,6,C
1,7,C
1,8,C
1,9,C
1,10,C
1,11,C
1,12,C
1,13,C
1,14,C
1,15,C
1,16,C
1,17,C
1,18,C
1,19,C
1,20,C
1,21,C
1,22,C
1,23,C
1,24,C
1,25,C
1,26,C
1,27,C
1,28,C
1,29,C
1,30,C
1,31,C
1,32,C
1,33,C
1,34,C
1,35,C
1,36,C
1,37,C
1,38,C
1,39,C
1,40,C
1,41,C
1,42,C
1,43,C
1,44,C
1,45,C
2,0,O
2,1,O
2,2,O
2,3,O
2,4,O
2,5,O
2,6,O
2,7,O
2,8,O
2,9,O
2,10,C
2,11,C
2,12,C
2,13,C
2,14,C
2,15,C
2,16,C
2,17,C
2,18,C
2,19,C
2,20,C
2,21,C
2,22,C
2,23,C
2,24,C
2,25,C
2,26,C
2,27,C
2,28,C
2,29,C
2,30,C
2,31,C
2,32,C
2,33,C
2,34,C
2,35,C
2,36,C
2,37,C
3,0,O
3,1,O
3,2,O
3,3,O
3,4,O
3,5,O
3,6,O
3,7,O
3,8,O
3,9,O
3,10,O
3,11,O
3,12,O
3,13,O
3,14,N
3,15,C
3,16,C
3,17,C
3,18,C
3,19,C
3,20,C
3,21,C
3,22,C
3,23,C
3,24,C
3,25,C
3,26,C
3,27,C
3,28,C
3,29,C
3,30,C
3,31,C
3,32,C
3,33,C
3,34,C
3,35,C
3,36,C
3,37,C
3,38,C
3,39,C
3,40,C
3,41,C
3,42,C
3,43,C
3,44,C
3,45,C
3,46,C
3,47,C
3,48,C
3,49,C
3,50,C
3,51,C
3,52,C
3,53,C
3,54,C
3,55,C
4,0,S
4,1,O
4,2,O
4,3,O
4,4,O
4,5,O
4,6,O
4,7,O
4,8,O
4,9,O
4,10,O
4,11,O
4,12,O
4,13,N
4,14,N
4,15,N
4,16,N
4,17,C
4,18,C
4,19,C
4,20,C
4,21,C
4,22,C
4,23,C
4,24,C
4,25,C
4,26,C
4,27,C
4,28,C
4,29,C
4,30,C
4,31,C
4,32,C
4,33,C
4,34,C
4,35,C
4,36,C
4,37,C
4,38,C
4,39,C
4,40,C
4,41,C
4,42,C
4,43,C
4,44,C
4,45,C
4,46,C
4,47,C
4,48,C
4,49,C
4,50,C
4,51,C
4,52,C
4,53,C
4,54,C
4,55,C
4,56,C
4,57,C
4,58,C
4,59,C
4,60,C
4,61,C
4,62,C
4,63,C
4,64,C
4,65,C
5,0,S
5,1,O
5,2,O
5,3,O
5,4,O
5,5,O
5,6,O
5,7,O
5,8,O
5,9,O
5,10,O
5,11,O
5,12,O
5,13,N
5,14,N
5,15,N
5,16,N
5,17,C
5,18,C
5,19,C
5,20,C
5,21,C
5,22,C
5,23,C
5,24,C
5,25,C
5,26,C
5,27,C
5,28,C
5,29,C
5,30,C
5,31,C
5,32,C
5,33,C
5,34,C
5,35,C
5,36,C
5,37,C
5,38,C
5,39,C
5,40,C
5,41,C
5,42,C
5,43,C
5,44,C
5,45,C
5,46,C
5,47,C
5,48,C
5,49,C
5,50,C
5,51,C
5,52,C
5,53,C
5,54,C
5,55,C
5,56,C
5,57,C
5,58,C
5,59,C
5,60,C
5,61,C
5,62,C
5,63,C
5,64,C
5,65,C
6,0,Cl
6,1,O
6,2,O
6,3,O
6,4,O
6,5,O
6,6,O
6,7,O
6,8,O
6,9,O
6,10,O
6,11,O
6,12,O
6,13,N
6,14,C
6,15,C
6,16,C
6,17,C
6,18,C
6,19,C
6,20,C
6,21,C
6,22,C
6,23,C
6,24,C
6,25,C
6,26,C
6,27,C
6,28,C
6,29,C
6,30,C
6,31,C
6,32,C
6,33,C
6,34,C
6,35,C
6,36,C
6,37,C
6,38,C
6,39,C
6,40,C
6,41,C
6,42,C
6,43,C
6,44,C
6,45,C
7,0,Cl
7,1,O
7,2,O
7,3,O
7,4,O
7,5,O
7,6,O
7,7,O
7,8,O
7,9,O
7,10,O
7,11,O
7,12,O
7,13,O
7,14,O
7,15,O
7,16,N
7,17,C
7,18,C
7,19,C
7,20,C
7,21,C
7,22,C
7,23,C
7,24,C
7,25,C
7,26,C
7,27,C
7,28,C
7,29,C
7,30,C
7,31,C
7,32,C
7,33,C
7,34,C
7,35,C
7,36,C
7,37,C
7,38,C
7,39,C
7,40,C
7,41,C
7,42,C
7,43,C
7,44,C
7,45,C
7,46,C
7,47,C
7,48,C
7,49,C
7,50,C
7,51,C
7,52,C
7,53,C
7,54,C
7,55,C
7,56,C
7,57,C
7,58,C
8,0,S
8,1,O
8,2,O
8,3,O
8,4,O
8,5,O
8,6,O
8,7,O
8,8,O
8,9,O
8,10,O
8,11,O
8,12,O
8,13,N
8,14,N
8,15,N
8,16,N
8,17,C
8,18,C
8,19,C
8,20,C
8,21,C
8,22,C
8,23,C
8,24,C
8,25,C
8,26,C
8,27,C
8,28,C
8,29,C
8,30,C
8,31,C
8,32,C
8,33,C
8,34,C
8,35,C
8,36,C
8,37,C
8,38,C
8,39,C
8,40,C
8,41,C
8,42,C
8,43,C
8,44,C
8,45,C
8,46,C
8,47,C
8,48,C
8,49,C
8,50,C
8,51,C
8,52,C
8,53,C
8,54,C
8,55,C
8,56,C
8,57,C
8,58,C
8,59,C
8,60,C
8,61,C
8,62,C
8,63,C
8,64,C
9,0,S
9,1,O
9,2,O
9,3,O
9,4,O
9,5,O
9,6,O
9,7,O
9,8,O
9,9,O
9,10,O
9,11,O
9,12,O
9,13,O
9,14,N
9,15,N
9,16,N
9,17,N
9,18,C
9,19,C
9,20,C
9,21,C
9,22,C
9,23,C
9,24,C
9,25,C
9,26,C
9,27,C
9,28,C
9,29,C
9,30,C
9,31,C
9,32,C
9,33,C
9,34,C
9,35,C
9,36,C
9,37,C
9,38,C
9,39,C
9,40,C
9,41,C
9,42,C
9,43,C
9,44,C
9,45,C
9,46,C
9,47,C
9,48,C
9,49,C
9,50,C
9,51,C
9,52,C
9,53,C
9,54,C
9,55,C
9,56,C
9,57,C
9,58,C
9,59,C
9,60,C
9,61,C
9,62,C
9,63,C
9,64,C
9,65,C
10,0,O
10,1,O
10,2,O
10,3,O
10,4,O
10,5,O
10,6,O
10,7,O
10,8,N
10,9,N
10,10,C
10,11,C
10,12,C
10,13,C
10,14,C
10,15,C
10,16,C
10,17,C
10,18,C
10,19,C
10,20,C
10,21,C
10,22,C
10,23,C
10,24,C
10,25,C
10,26,C
10,27,C
10,28,C
10,29,C
10,30,C
10,31,C
10,32,C
10,33,C
10,34,C
10,35,C
10,36,C
10,37,C
10,38,C
10,39,C
10,40,C
10,41,C
11,0,S
11,1,P
11,2,O
11,3,O
11,4,O
11,5,O
11,6,O
11,7,O
11,8,O
11,9,O
11,10,O
11,11,O
11,12,O
11,13,O
11,14,O
11,15,O
11,16,O
11,17,O
11,18,N
11,19,N
11,20,N
11,21,N
11,22,N
11,23,N
11,24,C
11,25,C
11,26,C
11,27,C
11,28,C
11,29,C
11,30,C
11,31,C
11,32,C
11,33,C
11,34,C
11,35,C
11,36,C
11,37,C
11,38,C
11,39,C
11,40,C
11,41,C
11,42,C
11,43,C
11,44,C
11,45,C
11,46,C
11,47,C
11,48,C
11,49,C
11,50,C
11,51,C
11,52,C
11,53,C
11,54,C
11,55,C
11,56,C
11,57,C
11,58,C
11,59,C
11,60,C
11,61,C
11,62,C
11,63,C
11,64,C
11,65,C
11,66,C
11,67,C
11,68,C
11,69,C
11,70,C
11,71,C
11,72,C
11,73,C
11,74,C
11,75,C
11,76,C
11,77,C
11,78,C
11,79,C
11,80,C
11,81,C
11,82,C
11,83,C
11,84,C
11,85,C
11,86,C
11,87,C
11,88,C
11,89,C
12,0,Cl
12,1,Cl
12,2,Cl
12,3,F
12,4,O
12,5,O
12,6,N
12,7,N
12,8,N
12,9,N
12,10,N
12,11,C
12,12,C
12,13,C
12,14,C
12,15,C
12,16,C
12,17,C
12,18,C
12,19,C
12,20,C
12,21,C
12,22,C
12,23,C
12,24,C
12,25,C
12,26,C
12,27,C
12,28,C
13,0,O
13,1,O
13,2,O
13,3,O
13,4,O
13,5,O
13,6,O
13,7,O
13,8,O
13,9,O
13,10,N
13,11,C
13,12,C
13,13,C
13,14,C
13,15,C
13,16,C
13,17,C
13,18,C
13,19,C
13,20,C
13,21,C
13,22,C
13,23,C
13,24,C
13,25,C
13,26,C
13,27,C
13,28,C
13,29,C
13,30,C
13,31,C
13,32,C
13,33,C
13,34,C
13,35,C
13,36,C
14,0,O
14,1,O
14,2,O
14,3,O
14,4,O
14,5,O
14,6,O
14,7,O
14,8,O
14,9,O
14,10,N
14,11,C
14,12,C
14,13,C
14,14,C
14,15,C
14,16,C
14,17,C
14,18,C
14,19,C
14,20,C
14,21,C
14,22,C
14,23,C
14,24,C
14,25,C
14,26,C
14,27,C
14,28,C
14,29,C
14,30,C
14,31,C
14,32,C
14,33,C
14,34,C
14,35,C
15,0,O
15,1,O
15,2,O
15,3,O
15,4,O
15,5,O
15,6,O
15,7,O
15,8,O
15,9,O
15,10,N
15,11,C
15,12,C
15,13,C
15,14,C
15,15,C
15,16,C
15,17,C
15,18,C
15,19,C
15,20,C
15,21,C
15,22,C
15,23,C
15,24,C
15,25,C
15,26,C
15,27,C
15,28,C
15,29,C
15,30,C
15,31,C
15,32,C
15,33,C
15,34,C
15,35,C
16,0,O
16,1,O
16,2,O
16,3,O
16,4,C
16,5,C
16,6,C
16,7,C
16,8,C
16,9,C
16,10,C
16,11,C
16,12,C
16,13,C
16,14,C
16,15,C
16,16,C
16,17,C
16,18,C
16,19,C
16,20,C
16,21,C
16,22,C
16,23,C
16,24,C
16,25,C
16,26,C
16,27,C
17,0,O
17,1,O
17,2,O
17,3,O
17,4,O
17,5,O
17,6,O
17,7,C
17,8,C
17,9,C
17,10,C
17,11,C
17,12,C
17,13,C
17,14,C
17,15,C
17,16,C
17,17,C
17,18,C
17,19,C
17,20,C
17,21,C
17,22,C
17,23,C
17,24,C
17,25,C
17,26,C
17,27,C
17,28,C
17,29,C
17,30,C
17,31,C
17,32,C
17,33,C
17,34,C
17,35,C
17,36,C
17,37,C
17,38,C
17,39,C
17,40,C
17,41,C
17,42,C
17,43,C
18,0,Cl
18,1,O
18,2,O
18,3,O
18,4,O
18,5,O
18,6,N
18,7,N
18,8,N
18,9,C
18,10,C
18,11,C
18,12,C
18,13,C
18,14,C
18,15,C
18,16,C
18,17,C
18,18,C
18,19,C
18,20,C
18,21,C
18,22,C
18,23,C
18,24,C
18,25,C
18,26,C
18,27,C
18,28,C
18,29,C
18,30,C
18,31,C
18,32,C
19,0,Cl
19,1,O
19,2,O
19,3,O
19,4,O
19,5,O
19,6,O
19,7,O
19,8,N
19,9,N
19,10,N
19,11,C
19,12,C
19,13,C
19,14,C
19,15,C
19,16,C
19,17,C
19,18,C
19,19,C
19,20,C
19,21,C
19,22,C
19,23,C
19,24,C
19,25,C
19,26,C
19,27,C
19,28,C
19,29,C
19,30,C
19,31,C
19,32,C
19,33,C
19,34,C
19,35,C
20,0,Cl
20,1,O
20,2,O
20,3,O
20,4,O
20,5,O
20,6,N
20,7,N
20,8,N
20,9,N
20,10,C
20,11,C
20,12,C
20,13,C
20,14,C
20,15,C
20,16,C
20,17,C
20,18,C
20,19,C
20,20,C
20,21,C
20,22,C
20,23,C
20,24,C
20,25,C
20,26,C
20,27,C
20,28,C
20,29,C
20,30,C
20,31,C
20,32,C
20,33,C
20,34,C
20,35,C
21,0,Na
21,1,O
21,2,O
21,3,O
21,4,O
21,5,O
21,6,O
21,7,O
21,8,N
21,9,N
21,10,C
21,11,C
21,12,C
21,13,C
21,14,C
21,15,C
21,16,C
21,17,C
21,18,C
21,19,C
21,20,C
21,21,C
21,22,C
21,23,C
21,24,C
21,25,C
21,26,C
21,27,C
21,28,C
21,29,C
21,30,C
21,31,C
21,32,C
21,33,C
22,0,Cl
22,1,O
22,2,O
22,3,O
22,4,O
22,5,O
22,6,N
22,7,N
22,8,N
22,9,C
22,10,C
22,11,C
22,12,C
22,13,C
22,14,C
22,15,C
22,16,C
22,17,C
22,18,C
22,19,C
22,20,C
22,21,C
22,22,C
22,23,C
22,24,C
22,25,C
22,26,C
22,27,C
22,28,C
22,29,C
22,30,C
22,31,C
22,32,C
22,33,C
22,34,C
23,0,Cl
23,1,O
23,2,O
23,3,O
23,4,O
23,5,O
23,6,N
23,7,N
23,8,N
23,9,C
23,10,C
23,11,C
23,12,C
23,13,C
23,14,C
23,15,C
23,16,C
23,17,C
23,18,C
23,19,C
23,20,C
23,21,C
23,22,C
23,23,C
23,24,C
23,25,C
23,26,C
23,27,C
23,28,C
23,29,C
23,30,C
23,31,C
23,32,C
23,33,C
24,0,O
24,1,O
24,2,O
24,3,O
24,4,O
24,5,O
24,6,O
24,7,O
24,8,O
24,9,O
24,10,O
24,11,C
24,12,C
24,13,C
24,14,C
24,15,C
24,16,C
24,17,C
24,18,C
24,19,C
24,20,C
24,21,C
24,22,C
24,23,C
24,24,C
24,25,C
24,26,C
24,27,C
24,28,C
24,29,C
24,30,C
24,31,C
24,32,C
24,33,C
24,34,C
24,35,C
24,36,C
24,37,C
24,38,C
24,39,C
25,0,O
25,1,O
25,2,O
25,3,O
25,4,O
25,5,O
25,6,O
25,7,O
25,8,O
25,9,O
25,10,O
25,11,C
25,12,C
25,13,C
25,14,C
25,15,C
25,16,C
25,17,C
25,18,C
25,19,C
25,20,C
25,21,C
25,22,C
25,23,C
25,24,C
25,25,C
25,26,C
25,27,C
25,28,C
25,29,C
25,30,C
25,31,C
25,32,C
25,33,C
25,34,C
25,35,C
25,36,C
25,37,C
25,38,C
25,39,C
26,0,Na
26,1,O
26,2,O
26,3,O
26,4,O
26,5,O
26,6,O
26,7,O
26,8,O
26,9,O
26,10,O
26,11,O
26,12,O
26,13,O
26,14,O
26,15,O
26,16,O
26,17,O
26,18,O
26,19,O
26,20,O
26,21,N
26,22,C
26,23,C
26,24,C
26,25,C
26,26,C
26,27,C
26,28,C
26,29,C
26,30,C
26,31,C
26,32,C
26,33,C
26,34,C
26,35,C
26,36,C
26,37,C
26,38,C
26,39,C
26,40,C
26,41,C
26,42,C
26,43,C
26,44,C
26,45,C
26,46,C
26,47,C
26,48,C
26,49,C
26,50,C
26,51,C
26,52,C
26,53,C
26,54,C
26,55,C
26,56,C
26,57,C
26,58,C
26,59,C
26,60,C
26,61,C
26,62,C
26,63,C
26,64,C
26,65,C
26,66,C
26,67,C
26,68,C
26,69,C
26,70,C
26,71,C
26,72,C
26,73,C
26,74,C
26,75,C
26,76,C
27,0,Na
27,1,O
27,2,O
27,3,O
27,4,O
27,5,O
27,6,O
27,7,O
27,8,O
27,9,O
27,10,O
27,11,O
27,12,O
27,13,O
27,14,O
27,15,O
27,16,O
27,17,O
27,18,N
27,19,C
27,20,C
27,21,C
27,22,C
27,23,C
27,24,C
27,25,C
27,26,C
27,27,C
27,28,C
27,29,C
27,30,C
27,31,C
27,32,C
27,33,C
27,34,C
27,35,C
27,36,C
27,37,C
27,38,C
27,39,C
27,40,C
27,41,C
27,42,C
27,43,C
27,44,C
27,45,C
27,46,C
27,47,C
27,48,C
27,49,C
27,50,C
27,51,C
27,52,C
27,53,C
27,54,C
27,55,C
27,56,C
27,57,C
27,58,C
27,59,C
27,60,C
27,61,C
27,62,C
27,63,C
27,64,C
27,65,C
27,66,C
27,67,C
27,68,C
27,69,C
28,0,O
28,1,O
28,2,O
28,3,O
28,4,O
28,5,O
28,6,O
28,7,O
28,8,O
28,9,O
28,10,N
28,11,N
28,12,C
28,13,C
28,14,C
28,15,C
28,16,C
28,17,C
28,18,C
28,19,C
28,20,C
28,21,C
28,22,C
28,23,C
28,24,C
28,25,C
28,26,C
28,27,C
28,28,C
28,29,C
28,30,C
28,31,C
28,32,C
28,33,C
28,34,C
28,35,C
28,36,C
28,37,C
28,38,C
28,39,C
28,40,C
28,41,C
28,42,C
28,43,C
28,44,C
28,45,C
28,46,C
28,47,C
28,48,C
28,49,C
28,50,C
28,51,C
28,52,C
28,53,C
28,54,C
28,55,C
28,56,C
28,57,C
28,58,C
28,59,C
28,60,C
28,61,C
28,62,C
28,63,C
28,64,C
28,65,C
29,0,O
29,1,O
29,2,O
29,3,O
29,4,O
29,5,O
29,6,O
29,7,O
29,8,O
29,9,O
29,10,O
29,11,N
29,12,N
29,13,C
29,14,C
29,15,C
29,16,C
29,17,C
29,18,C
29,19,C
29,20,C
29,21,C
29,22,C
29,23,C
29,24,C
29,25,C
29,26,C
29,27,C
29,28,C
29,29,C
29,30,C
29,31,C
29,32,C
29,33,C
29,34,C
29,35,C
29,36,C
29,37,C
29,38,C
29,39,C
29,40,C
29,41,C
29,42,C
29,43,C
29,44,C
29,45,C
29,46,C
29,47,C
29,48,C
29,49,C
29,50,C
29,51,C
29,52,C
29,53,C
29,54,C
29,55,C
29,56,C
29,57,C
29,58,C
29,59,C
29,60,C
29,61,C
29,62,C
29,63,C
29,64,C
29,65,C
29,66,C
30,0,O
30,1,O
30,2,O
30,3,O
30,4,O
30,5,O
30,6,O
30,7,O
30,8,O
30,9,O
30,10,N
30,11,N
30,12,C
30,13,C
30,14,C
30,15,C
30,16,C
30,17,C
30,18,C
30,19,C
30,20,C
30,21,C
30,22,C
30,23,C
30,24,C
30,25,C
30,26,C
30,27,C
30,28,C
30,29,C
30,30,C
30,31,C
30,32,C
30,33,C
30,34,C
30,35,C
30,36,C
30,37,C
30,38,C
30,39,C
30,40,C
30,41,C
30,42,C
30,43,C
30,44,C
30,45,C
30,46,C
30,47,C
30,48,C
30,49,C
30,50,C
30,51,C
30,52,C
30,53,C
30,54,C
30,55,C
30,56,C
30,57,C
30,58,C
30,59,C
30,60,C
30,61,C
30,62,C
30,63,C
30,64,C
30,65,C
31,0,O
31,1,O
31,2,O
31,3,O
31,4,O
31,5,O
31,6,O
31,7,O
31,8,O
31,9,O
31,10,N
31,11,N
31,12,C
31,13,C
31,14,C
31,15,C
31,16,C
31,17,C
31,18,C
31,19,C
31,20,C
31,21,C
31,22,C
31,23,C
31,24,C
31,25,C
31,26,C
31,27,C
31,28,C
31,29,C
31,30,C
31,31,C
31,32,C
31,33,C
31,34,C
31,35,C
31,36,C
31,37,C
31,38,C
31,39,C
31,40,C
31,41,C
31,42,C
31,43,C
31,44,C
31,45,C
31,46,C
31,47,C
31,48,C
31,49,C
31,50,C
31,51,C
31,52,C
31,53,C
31,54,C
31,55,C
31,56,C
31,57,C
31,58,C
31,59,C
31,60,C
31,61,C
31,62,C
31,63,C
31,64,C
31,65,C
32,0,O
32,1,O
32,2,O
32,3,O
32,4,O
32,5,O
32,6,O
32,7,O
32,8,O
32,9,O
32,10,O
32,11,O
32,12,N
32,13,N
32,14,C
32,15,C
32,16,C
32,17,C
32,18,C
32,19,C
32,20,C
32,21,C
32,22,C
32,23,C
32,24,C
32,25,C
32,26,C
32,27,C
32,28,C
32,29,C
32,30,C
32,31,C
32,32,C
32,33,C
32,34,C
32,35,C
32,36,C
32,37,C
32,38,C
32,39,C
32,40,C
32,41,C
32,42,C
32,43,C
32,44,C
32,45,C
32,46,C
32,47,C
32,48,C
32,49,C
32,50,C
32,51,C
32,52,C
32,53,C
32,54,C
32,55,C
32,56,C
32,57,C
32,58,C
32,59,C
32,60,C
32,61,C
32,62,C
32,63,C
32,64,C
32,65,C
32,66,C
32,67,C
33,0,O
33,1,O
33,2,O
33,3,O
33,4,O
33,5,O
33,6,O
33,7,O
33,8,O
33,9,O
33,10,O
33,11,N
33,12,N
33,13,C
33,14,C
33,15,C
33,16,C
33,17,C
33,18,C
33,19,C
33,20,C
33,21,C
33,22,C
33,23,C
33,24,C
33,25,C
33,26,C
33,27,C
33,28,C
33,29,C
33,30,C
33,31,C
33,32,C
33,33,C
33,34,C
33,35,C
33,36,C
33,37,C
33,38,C
33,39,C
33,40,C
33,41,C
33,42,C
33,43,C
33,44,C
33,45,C
33,46,C
33,47,C
33,48,C
33,49,C
33,50,C
33,51,C
33,52,C
33,53,C
33,54,C
33,55,C
33,56,C
33,57,C
33,58,C
33,59,C
33,60,C
33,61,C
33,62,C
33,63,C
33,64,C
33,65,C
33,66,C
33,67,C
34,0,O
34,1,O
34,2,O
34,3,O
34,4,O
34,5,O
34,6,O
34,7,O
34,8,O
34,9,O
34,10,O
34,11,N
34,12,N
34,13,C
34,14,C
34,15,C
34,16,C
34,17,C
34,18,C
34,19,C
34,20,C
34,21,C
34,22,C
34,23,C
34,24,C
34,25,C
34,26,C
34,27,C
34,28,C
34,29,C
34,30,C
34,31,C
34,32,C
34,33,C
34,34,C
34,35,C
34,36,C
34,37,C
34,38,C
34,39,C
34,40,C
34,41,C
34,42,C
34,43,C
34,44,C
34,45,C
34,46,C
34,47,C
34,48,C
34,49,C
34,50,C
34,51,C
34,52,C
34,53,C
34,54,C
34,55,C
34,56,C
34,57,C
34,58,C
34,59,C
34,60,C
34,61,C
34,62,C
34,63,C
34,64,C
34,65,C
34,66,C
35,0,O
35,1,O
35,2,O
35,3,O
35,4,O
35,5,O
35,6,O
35,7,O
35,8,O
35,9,N
35,10,C
35,11,C
35,12,C
35,13,C
35,14,C
35,15,C
35,16,C
35,17,C
35,18,C
35,19,C
35,20,C
35,21,C
35,22,C
35,23,C
35,24,C
35,25,C
35,26,C
35,27,C
35,28,C
35,29,C
35,30,C
35,31,C
35,32,C
35,33,C
35,34,C
35,35,C
35,36,C
35,37,C
35,38,C
35,39,C
35,40,C
35,41,C
35,42,C
35,43,C
35,44,C
36,0,O
36,1,O
36,2,O
36,3,O
36,4,O
36,5,O
36,6,O
36,7,O
36,8,O
36,9,O
36,10,N
36,11,C
36,12,C
36,13,C
36,14,C
36,15,C
36,16,C
36,17,C
36,18,C
36,19,C
36,20,C
36,21,C
36,22,C
36,23,C
36,24,C
36,25,C
36,26,C
36,27,C
36,28,C
36,29,C
36,30,C
36,31,C
36,32,C
36,33,C
36,34,C
36,35,C
36,36,C
36,37,C
36,38,C
36,39,C
36,40,C
37,0,O
37,1,O
37,2,O
37,3,O
37,4,O
37,5,O
37,6,O
37,7,O
37,8,O
37,9,C
37,10,C
37,11,C
37,12,C
37,13,C
37,14,C
37,15,C
37,16,C
37,17,C
37,18,C
37,19,C
37,20,C
37,21,C
37,22,C
37,23,C
37,24,C
37,25,C
37,26,C
37,27,C
37,28,C
37,29,C
37,30,C
37,31,C
37,32,C
38,0,Na
38,1,O
38,2,O
38,3,O
38,4,O
38,5,O
38,6,N
38,7,N
38,8,C
38,9,C
38,10,C
38,11,C
38,12,C
38,13,C
38,14,C
38,15,C
38,16,C
38,17,C
38,18,C
38,19,C
38,20,C
38,21,C
38,22,C
38,23,C
38,24,C
38,25,C
38,26,C
38,27,C
39,0,Sn
39,1,O
39,2,O
39,3,O
39,4,N
39,5,C
39,6,C
39,7,C
39,8,C
39,9,C
39,10,C
39,11,C
39,12,C
39,13,C
39,14,C
39,15,C
39,16,C
39,17,C
39,18,C
39,19,C
39,20,C
39,21,C
39,22,C
40,0,Sn
40,1,O
40,2,O
40,3,O
40,4,N
40,5,C
40,6,C
40,7,C
40,8,C
40,9,C
40,10,C
40,11,C
40,12,C
40,13,C
40,14,C
40,15,C
40,16,C
40,17,C
40,18,C
40,19,C
40,20,C
40,21,C
41,0,Pt
41,1,O
41,2,O
41,3,O
41,4,O
41,5,O
41,6,O
41,7,N
41,8,N
41,9,C
41,10,C
41,11,C
41,12,C
41,13,C
41,14,C
41,15,C
41,16,C
41,17,C
41,18,C
41,19,C
41,20,C
41,21,C
41,22,C
41,23,C
42,0,S
42,1,S
42,2,S
42,3,O
42,4,O
42,5,O
42,6,O
42,7,O
42,8,O
42,9,N
42,10,N
42,11,C
42,12,C
42,13,C
42,14,C
42,15,C
42,16,C
42,17,C
42,18,C
42,19,C
42,20,C
42,21,C
42,22,C
42,23,C
42,24,C
42,25,C
42,26,C
42,27,C
42,28,C
42,29,C
42,30,C
42,31,C
42,32,C
43,0,S
43,1,N
43,2,N
43,3,N
43,4,N
43,5,N
43,6,N
43,7,C
43,8,C
43,9,C
43,10,C
43,11,C
43,12,C
43,13,C
43,14,C
43,15,C
43,16,C
43,17,C
43,18,C
43,19,C
44,0,S
44,1,O
44,2,O
44,3,N
44,4,N
44,5,N
44,6,N
44,7,N
44,8,N
44,9,N
44,10,C
44,11,C
44,12,C
44,13,C
44,14,C
44,15,C
44,16,C
44,17,C
44,18,C
44,19,C
44,20,C
44,21,C
44,22,C
44,23,C
44,24,C
45,0,Ni
45,1,O
45,2,O
45,3,O
45,4,O
45,5,N
45,6,N
45,7,N
45,8,C
45,9,C
45,10,C
45,11,C
45,12,C
45,13,C
45,14,C
45,15,C
45,16,C
46,0,Zn
46,1,O
46,2,O
46,3,N
46,4,N
46,5,N
46,6,N
46,7,C
46,8,C
46,9,C
46,10,C
46,11,C
46,12,C
46,13,C
46,14,C
46,15,C
46,16,C
46,17,C
46,18,C
46,19,C
46,20,C
46,21,C
46,22,C
46,23,C
46,24,C
46,25,C
47,0,Ni
47,1,O
47,2,O
47,3,N
47,4,N
47,5,N
47,6,N
47,7,C
47,8,C
47,9,C
47,10,C
47,11,C
47,12,C
47,13,C
47,14,C
47,15,C
47,16,C
47,17,C
47,18,C
47,19,C
47,20,C
47,21,C
47,22,C
47,23,C
47,24,C
47,25,C
48,0,Mn
48,1,O
48,2,O
48,3,O
48,4,O
48,5,N
48,6,N
48,7,N
48,8,N
48,9,C
48,10,C
48,11,C
48,12,C
48,13,C
48,14,C
48,15,C
48,16,C
48,17,C
48,18,C
48,19,C
48,20,C
48,21,C
48,22,C
48,23,C
48,24,C
48,25,C
48,26,C
48,27,C
48,28,C
48,29,C
49,0,Cl
49,1,Cl
49,2,O
49,3,O
49,4,O
49,5,O
49,6,O
49,7,O
49,8,O
49,9,O
49,10,O
49,11,O
49,12,N
49,13,N
49,14,N
49,15,C
49,16,C
49,17,C
49,18,C
49,19,C
49,20,C
49,21,C
49,22,C
49,23,C
49,24,C
49,25,C
49,26,C
49,27,C
49,28,C
49,29,C
49,30,C
49,31,C
49,32,C
49,33,C
49,34,C
49,35,C
49,36,C
49,37,C
49,38,C
49,39,C
49,40,C
49,41,C
49,42,C
49,43,C
49,44,C
49,45,C
49,46,C
49,47,C
49,48,C
50,0,O
50,1,O
50,2,O
50,3,O
50,4,O
50,5,O
50,6,O
50,7,O
50,8,O
50,9,O
50,10,N
50,11,N
50,12,N
50,13,C
50,14,C
50,15,C
50,16,C
50,17,C
50,18,C
50,19,C
50,20,C
50,21,C
50,22,C
50,23,C
50,24,C
50,25,C
50,26,C
50,27,C
50,28,C
50,29,C
50,30,C
50,31,C
50,32,C
50,33,C
50,34,C
50,35,C
50,36,C
50,37,C
50,38,C
50,39,C
50,40,C
50,41,C
50,42,C
50,43,C
50,44,C
50,45,C
50,46,C
51,0,O
51,1,O
51,2,O
51,3,O
51,4,O
51,5,O
51,6,N
51,7,N
51,8,N
51,9,N
51,10,N
51,11,N
51,12,C
51,13,C
51,14,C
51,15,C
51,16,C
51,17,C
51,18,C
51,19,C
51,20,C
51,21,C
51,22,C
51,23,C
52,0,O
52,1,N
52,2,N
52,3,N
52,4,N
52,5,C
52,6,C
52,7,C
52,8,C
52,9,C
52,10,C
52,11,C
52,12,C
52,13,C
52,14,C
52,15,C
52,16,C
52,17,C
52,18,C
52,19,C
52,20,C
52,21,C
52,22,C
52,23,C
52,24,C
53,0,N
53,1,N
53,2,N
53,3,N
53,4,N
53,5,C
53,6,C
53,7,C
53,8,C
53,9,C
53,10,C
53,11,C
53,12,C
53,13,C
53,14,C
53,15,C
53,16,C
53,17,C
53,18,C
53,19,C
53,20,C
53,21,C
53,22,C
53,23,C
53,24,C
54,0,N
54,1,N
54,2,N
54,3,N
54,4,N
54,5,C
54,6,C
54,7,C
54,8,C
54,9,C
54,10,C
54,11,C
54,12,C
54,13,C
54,14,C
54,15,C
54,16,C
54,17,C
54,18,C
54,19,C
54,20,C
54,21,C
54,22,C
54,23,C
55,0,Cl
55,1,Cl
55,2,S
55,3,O
55,4,O
55,5,N
55,6,N
55,7,N
55,8,N
55,9,N
55,10,N
55,11,N
55,12,C
55,13,C
55,14,C
55,15,C
55,16,C
55,17,C
55,18,C
55,19,C
55,20,C
55,21,C
55,22,C
55,23,C
55,24,C
56,0,O
56,1,O
56,2,O
56,3,N
56,4,C
56,5,C
56,6,C
56,7,C
56,8,C
56,9,C
56,10,C
56,11,C
56,12,C
56,13,C
56,14,C
56,15,C
56,16,C
56,17,C
56,18,C
56,19,C
56,20,C
56,21,C
57,0,O
57,1,O
57,2,O
57,3,N
57,4,N
57,5,N
57,6,N
57,7,N
57,8,N
57,9,C
57,10,C
57,11,C
57,12,C
57,13,C
57,14,C
57,15,C
57,16,C
57,17,C
57,18,C
57,19,C
57,20,C
57,21,C
58,0,Cl
58,1,S
58,2,N
58,3,N
58,4,N
58,5,N
58,6,C
58,7,C
58,8,C
58,9,C
58,10,C
58,11,C
58,12,C
58,13,C
58,14,C
58,15,C
58,16,C
58,17,C
58,18,C
58,19,C
59,0,S
59,1,F
59,2,F
59,3,F
59,4,N
59,5,N
59,6,N
59,7,N
59,8,C
59,9,C
59,10,C
59,11,C
59,12,C
59,13,C
59,14,C
59,15,C
59,16,C
59,17,C
59,18,C
59,19,C
59,20,C
59,21,C
59,22,C
60,0,S
60,1,N
60,2,N
60,3,N
60,4,N
60,5,C
60,6,C
60,7,C
60,8,C
60,9,C
60,10,C
60,11,C
60,12,C
60,13,C
60,14,C
60,15,C
60,16,C
60,17,C
60,18,C
60,19,C
61,0,N
61,1,N
61,2,N
61,3,N
61,4,N
61,5,C
61,6,C
61,7,C
61,8,C
61,9,C
61,10,C
61,11,C
61,12,C
61,13,C
61,14,C
61,15,C
61,16,C
61,17,C
61,18,C
61,19,C
61,20,C
61,21,C
61,22,C
61,23,C
62,0,N
62,1,N
62,2,N
62,3,N
62,4,N
62,5,C
62,6,C
62,7,C
62,8,C
62,9,C
62,10,C
62,11,C
62,12,C
62,13,C
62,14,C
62,15,C
62,16,C
62,17,C
62,18,C
62,19,C
62,20,C
62,21,C
62,22,C
63,0,N
63,1,N
63,2,N
63,3,N
63,4,N
63,5,N
63,6,C
63,7,C
63,8,C
63,9,C
63,10,C
63,11,C
63,12,C
63,13,C
63,14,C
63,15,C
63,16,C
63,17,C
63,18,C
63,19,C
64,0,N
64,1,N
64,2,N
64,3,N
64,4,N
64,5,N
64,6,C
64,7,C
64,8,C
64,9,C
64,10,C
64,11,C
64,12,C
64,13,C
64,14,C
64,15,C
64,16,C
64,17,C
64,18,C
65,0,O
65,1,N
65,2,N
65,3,N
65,4,N
65,5,N
65,6,C
65,7,C
65,8,C
65,9,C
65,10,C
65,11,C
65,12,C
65,13,C
65,14,C
65,15,C
65,16,C
65,17,C
65,18,C
66,0,N
66,1,N
66,2,N
66,3,N
66,4,N
66,5,N
66,6,C
66,7,C
66,8,C
66,9,C
66,10,C
66,11,C
66,12,C
66,13,C
66,14,C
66,15,C
66,16,C
66,17,C
66,18,C
66,19,C
67,0,O
67,1,N
67,2,N
67,3,N
67,4,N
67,5,N
67,6,C
67,7,C
67,8,C
67,9,C
67,10,C
67,11,C
67,12,C
67,13,C
67,14,C
67,15,C
67,16,C
67,17,C
67,18,C
68,0,Cl
68,1,O
68,2,O
68,3,N
68,4,N
68,5,N
68,6,N
68,7,N
68,8,N
68,9,C
68,10,C
68,11,C
68,12,C
68,13,C
68,14,C
68,15,C
68,16,C
68,17,C
68,18,C
68,19,C
68,20,C
68,21,C
68,22,C
68,23,C
68,24,C
68,25,C
68,26,C
68,27,C
68,28,C
68,29,C
68,30,C
68,31,C
69,0,Cl
69,1,Cl
69,2,Cl
69,3,S
69,4,N
69,5,N
69,6,N
69,7,N
69,8,N
69,9,N
69,10,C
69,11,C
69,12,C
69,13,C
69,14,C
69,15,C
69,16,C
69,17,C
69,18,C
69,19,C
69,20,C
69,21,C
69,22,C
70,0,O
70,1,N
70,2,N
70,3,N
70,4,N
70,5,N
70,6,C
70,7,C
70,8,C
70,9,C
70,10,C
70,11,C
70,12,C
70,13,C
70,14,C
70,15,C
70,16,C
70,17,C
70,18,C
71,0,O
71,1,N
71,2,N
71,3,N
71,4,N
71,5,C
71,6,C
71,7,C
71,8,C
71,9,C
71,10,C
71,11,C
71,12,C
71,13,C
71,14,C
71,15,C
71,16,C
71,17,C
71,18,C
71,19,C
71,20,C
71,21,C
71,22,C
72,0,O
72,1,N
72,2,N
72,3,N
72,4,N
72,5,N
72,6,C
72,7,C
72,8,C
72,9,C
72,10,C
72,11,C
72,12,C
72,13,C
72,14,C
72,15,C
72,16,C
72,17,C
72,18,C
72,19,C
73,0,S
73,1,N
73,2,N
73,3,N
73,4,N
73,5,N
73,6,C
73,7,C
73,8,C
73,9,C
73,10,C
73,11,C
73,12,C
73,13,C
73,14,C
73,15,C
73,16,C
73,17,C
73,18,C
74,0,S
74,1,N
74,2,N
74,3,N
74,4,N
74,5,N
74,6,C
74,7,C
74,8,C
74,9,C
74,10,C
74,11,C
74,12,C
74,13,C
74,14,C
74,15,C
74,16,C
74,17,C
74,18,C
75,0,S
75,1,F
75,2,N
75,3,N
75,4,N
75,5,N
75,6,C
75,7,C
75,8,C
75,9,C
75,10,C
75,11,C
75,12,C
75,13,C
75,14,C
75,15,C
75,16,C
75,17,C
75,18,C
75,19,C
76,0,S
76,1,N
76,2,N
76,3,N
76,4,N
76,5,N
76,6,C
76,7,C
76,8,C
76,9,C
76,10,C
76,11,C
76,12,C
76,13,C
76,14,C
76,15,C
76,16,C
76,17,C
76,18,C
76,19,C
77,0,Ni
77,1,F
77,2,F
77,3,F
77,4,F
77,5,F
77,6,F
77,7,O
77,8,O
77,9,N
77,10,N
77,11,N
77,12,N
77,13,N
77,14,N
77,15,C
77,16,C
77,17,C
77,18,C
77,19,C
77,20,C
77,21,C
77,22,C
77,23,C
77,24,C
77,25,C
77,26,C
77,27,C
77,28,C
77,29,C
77,30,C
77,31,C
77,32,C
78,0,Br
78,1,P
78,2,O
78,3,O
78,4,O
78,5,N
78,6,C
78,7,C
78,8,C
78,9,C
78,10,C
78,11,C
78,12,C
78,13,C
78,14,C
78,15,C
78,16,C
78,17,C
78,18,C
78,19,C
78,20,C
78,21,C
78,22,C
78,23,C
78,24,C
78,25,C
78,26,C
78,27,C
79,0,O
79,1,O
79,2,O
79,3,O
79,4,N
79,5,C
79,6,C
79,7,C
79,8,C
79,9,C
79,10,C
79,11,C
79,12,C
79,13,C
79,14,C
79,15,C
79,16,C
79,17,C
79,18,C
79,19,C
79,20,C
79,21,C
79,22,C
79,23,C
79,24,C
79,25,C
80,0,F
80,1,F
80,2,F
80,3,O
80,4,O
80,5,O
80,6,O
80,7,N
80,8,C
80,9,C
80,10,C
80,11,C
80,12,C
80,13,C
80,14,C
80,15,C
80,16,C
80,17,C
80,18,C
80,19,C
80,20,C
80,21,C
80,22,C
80,23,C
80,24,C
80,25,C
80,26,C
80,27,C
81,0,O
81,1,O
81,2,O
81,3,O
81,4,N
81,5,C
81,6,C
81,7,C
81,8,C
81,9,C
81,10,C
81,11,C
81,12,C
81,13,C
81,14,C
81,15,C
81,16,C
81,17,C
81,18,C
81,19,C
81,20,C
81,21,C
81,22,C
81,23,C
81,24,C
82,0,S
82,1,N
82,2,N
82,3,N
82,4,N
82,5,N
82,6,C
82,7,C
82,8,C
82,9,C
82,10,C
82,11,C
82,12,C
82,13,C
82,14,C
82,15,C
82,16,C
82,17,C
82,18,C
82,19,C
82,20,C
82,21,C
83,0,S
83,1,N
83,2,N
83,3,N
83,4,N
83,5,C
83,6,C
83,7,C
83,8,C
83,9,C
83,10,C
83,11,C
83,12,C
83,13,C
83,14,C
83,15,C
84,0,S
84,1,N
84,2,N
84,3,N
84,4,N
84,5,N
84,6,C
84,7,C
84,8,C
84,9,C
84,10,C
84,11,C
84,12,C
84,13,C
84,14,C
84,15,C
84,16,C
84,17,C
84,18,C
84,19,C
84,20,C
85,0,S
85,1,N
85,2,N
85,3,N
85,4,N
85,5,N
85,6,C
85,7,C
85,8,C
85,9,C
85,10,C
85,11,C
85,12,C
85,13,C
85,14,C
85,15,C
85,16,C
85,17,C
85,18,C
85,19,C
86,0,S
86,1,N
86,2,N
86,3,N
86,4,N
86,5,N
86,6,C
86,7,C
86,8,C
86,9,C
86,10,C
86,11,C
86,12,C
86,13,C
86,14,C
86,15,C
86,16,C
86,17,C
86,18,C
87,0,F
87,1,F
87,2,F
87,3,F
87,4,F
87,5,F
87,6,O
87,7,O
87,8,O
87,9,O
87,10,O
87,11,N
87,12,N
87,13,N
87,14,N
87,15,C
87,16,C
87,17,C
87,18,C
87,19,C
87,20,C
87,21,C
87,22,C
87,23,C
87,24,C
87,25,C
87,26,C
87,27,C
87,28,C
87,29,C
87,30,C
87,31,C
87,32,C
87,33,C
87,34,C
87,35,C
88,0,S
88,1,N
88,2,N
88,3,N
88,4,N
88,5,N
88,6,C
88,7,C
88,8,C
88,9,C
88,10,C
88,11,C
88,12,C
89,0,S
89,1,N
89,2,N
89,3,N
89,4,N
89,5,C
89,6,C
89,7,C
89,8,C
89,9,C
89,10,C
89,11,C
89,12,C
89,13,C
89,14,C
89,15,C
89,16,C
90,0,O
90,1,O
90,2,O
90,3,O
90,4,O
90,5,O
90,6,N
90,7,N
90,8,C
90,9,C
90,10,C
90,11,C
90,12,C
90,13,C
90,14,C
90,15,C
90,16,C
90,17,C
90,18,C
90,19,C
90,20,C
90,21,C
90,22,C
90,23,C
90,24,C
90,25,C
90,26,C
90,27,C
90,28,C
90,29,C
90,30,C
90,31,C
90,32,C
90,33,C
90,34,C
90,35,C
90,36,C
90,37,C
90,38,C
90,39,C
90,40,C
91,0,S
91,1,N
91,2,N
91,3,N
91,4,N
91,5,N
91,6,C
91,7,C
91,8,C
91,9,C
91,10,C
91,11,C
91,12,C
91,13,C
91,14,C
91,15,C
91,16,C
91,17,C
91,18,C
91,19,C
91,20,C
91,21,C
91,22,C
91,23,C
91,24,C
91,25,C
91,26,C
92,0,S
92,1,N
92,2,N
92,3,N
92,4,N
92,5,N
92,6,C
92,7,C
92,8,C
92,9,C
92,10,C
92,11,C
92,12,C
92,13,C
92,14,C
92,15,C
92,16,C
92,17,C
92,18,C
92,19,C
92,20,C
92,21,C
92,22,C
92,23,C
92,24,C
92,25,C
93,0,S
93,1,O
93,2,O
93,3,N
93,4,N
93,5,N
93,6,N
93,7,C
93,8,C
93,9,C
93,10,C
93,11,C
93,12,C
93,13,C
93,14,C
93,15,C
93,16,C
93,17,C
93,18,C
93,19,C
93,20,C
94,0,S
94,1,O
94,2,O
94,3,O
94,4,O
94,5,N
94,6,N
94,7,C
94,8,C
94,9,C
94,10,C
94,11,C
94,12,C
94,13,C
94,14,C
94,15,C
94,16,C
94,17,C
94,18,C
94,19,C
94,20,C
94,21,C
94,22,C
94,23,C
94,24,C
94,25,C
94,26,C
94,27,C
94,28,C
94,29,C
94,30,C
94,31,C
94,32,C
94,33,C
94,34,C
95,0,Cl
95,1,S
95,2,N
95,3,N
95,4,N
95,5,N
95,6,C
95,7,C
95,8,C
95,9,C
95,10,C
95,11,C
95,12,C
95,13,C
95,14,C
95,15,C
95,16,C
95,17,C
95,18,C
96,0,Sn
96,1,S
96,2,S
96,3,S
96,4,S
96,5,N
96,6,N
96,7,C
96,8,C
96,9,C
96,10,C
96,11,C
96,12,C
96,13,C
96,14,C
96,15,C
96,16,C
96,17,C
96,18,C
96,19,C
96,20,C
97,0,O
97,1,O
97,2,O
97,3,O
97,4,O
97,5,O
97,6,N
97,7,N
97,8,N
97,9,N
97,10,C
97,11,C
97,12,C
97,13,C
97,14,C
97,15,C
97,16,C
97,17,C
97,18,C
97,19,C
97,20,C
97,21,C
97,22,C
97,23,C
97,24,C
97,25,C
97,26,C
97,27,C
98,0,O
98,1,O
98,2,O
98,3,O
98,4,N
98,5,N
98,6,N
98,7,C
98,8,C
98,9,C
98,10,C
98,11,C
98,12,C
98,13,C
98,14,C
98,15,C
98,16,C
98,17,C
98,18,C
98,19,C
98,20,C
98,21,C
98,22,C
98,23,C
98,24,C
98,25,C
98,26,C
98,27,C
98,28,C
98,29,C
98,30,C
98,31,C
99,0,Sn
99,1,S
99,2,S
99,3,N
99,4,N
99,5,C
99,6,C
99,7,C
99,8,C
99,9,C
99,10,C
99,11,C
99,12,C
99,13,C
99,14,C
99,15,C
99,16,C
99,17,C
99,18,C
99,19,C
99,20,C
99,21,C
99,22,C
99,23,C
99,24,C
99,25,C
99,26,C
100,0,Y
100,1,O
100,2,O
100,3,O
100,4,O
100,5,O
100,6,O
100,7,O
100,8,C
100,9,C
100,10,C
100,11,C
100,12,C
100,13,C
100,14,C
100,15,C
100,16,C
100,17,C
100,18,C
100,19,C
100,20,C
100,21,C
100,22,C
100,23,C
100,24,C
100,25,C
100,26,C
100,27,C
100,28,C
100,29,C
100,30,C
100,31,C
100,32,C
100,33,C
100,34,C
100,35,C
100,36,C
100,37,C
100,38,C
100,39,C
100,40,C
100,41,C
100,42,C
100,43,C
100,44,C
100,45,C
100,46,C
100,47,C
100,48,C
100,49,C
100,50,C
100,51,C
100,52,C
101,0,Nd
101,1,O
101,2,O
101,3,O
101,4,O
101,5,O
101,6,O
101,7,O
101,8,C
101,9,C
101,10,C
101,11,C
101,12,C
101,13,C
101,14,C
101,15,C
101,16,C
101,17,C
101,18,C
101,19,C
101,20,C
101,21,C
101,22,C
101,23,C
101,24,C
101,25,C
101,26,C
101,27,C
101,28,C
101,29,C
101,30,C
101,31,C
101,32,C
101,33,C
101,34,C
101,35,C
101,36,C
101,37,C
101,38,C
101,39,C
101,40,C
101,41,C
101,42,C
101,43,C
101,44,C
101,45,C
101,46,C
101,47,C
101,48,C
101,49,C
101,50,C
101,51,C
101,52,C
102,0,Nd
102,1,O
102,2,O
102,3,O
102,4,O
102,5,O
102,6,O
102,7,O
102,8,C
102,9,C
102,10,C
102,11,C
102,12,C
102,13,C
102,14,C
102,15,C
102,16,C
102,17,C
102,18,C
102,19,C
102,20,C
102,21,C
102,22,C
102,23,C
102,24,C
102,25,C
102,26,C
102,27,C
102,28,C
102,29,C
102,30,C
102,31,C
102,32,C
102,33,C
102,34,C
102,35,C
102,36,C
102,37,C
103,0,Ti
103,1,Cl
103,2,Cl
103,3,O
103,4,O
103,5,O
103,6,O
103,7,O
103,8,O
103,9,O
103,10,O
103,11,C
103,12,C
103,13,C
103,14,C
103,15,C
103,16,C
103,17,C
103,18,C
103,19,C
103,20,C
103,21,C
103,22,C
103,23,C
103,24,C
103,25,C
103,26,C
103,27,C
103,28,C
103,29,C
103,30,C
103,31,C
103,32,C
103,33,C
103,34,C
103,35,C
103,36,C
103,37,C
103,38,C
103,39,C
103,40,C
103,41,C
103,42,C
103,43,C
103,44,C
104,0,Eu
104,1,F
104,2,F
104,3,F
104,4,F
104,5,F
104,6,F
104,7,F
104,8,F
104,9,F
104,10,F
104,11,F
104,12,F
104,13,O
104,14,O
104,15,O
104,16,O
104,17,O
104,18,O
104,19,O
104,20,O
104,21,N
104,22,C
104,23,C
104,24,C
104,25,C
104,26,C
104,27,C
104,28,C
104,29,C
104,30,C
104,31,C
104,32,C
104,33,C
104,34,C
104,35,C
104,36,C
104,37,C
104,38,C
104,39,C
104,40,C
104,41,C
104,42,C
104,43,C
104,44,C
104,45,C
104,46,C
104,47,C
104,48,C
104,49,C
104,50,C
104,51,C
104,52,C
104,53,C
104,54,C
104,55,C
104,56,C
104,57,C
104,58,C
104,59,C
104,60,C
104,61,C
104,62,C
104,63,C
104,64,C
104,65,C
104,66,C
105,0,N
105,1,N
105,2,N
105,3,N
105,4,N
105,5,N
105,6,N
105,7,C
105,8,C
105,9,C
105,10,C
105,11,C
105,12,C
105,13,C
105,14,C
105,15,C
105,16,C
105,17,C
105,18,C
105,19,C
105,20,C
105,21,C
105,22,C
105,23,C
105,24,C
105,25,C
105,26,C
105,27,C
105,28,C
105,29,C
105,30,C
105,31,C
105,32,C
105,33,C
105,34,C
105,35,C
105,36,C
105,37,C
105,38,C
105,39,C
105,40,C
105,41,C
105,42,C
105,43,C
105,44,C
105,45,C
105,46,C
105,47,C
105,48,C
105,49,C
105,50,C
105,51,C
105,52,C
105,53,C
105,54,C
105,55,C
105,56,C
105,57,C
105,58,C
105,59,C
105,60,C
105,61,C
105,62,C
105,63,C
105,64,C
105,65,C
105,66,C
106,0,O
106,1,O
106,2,O
106,3,O
106,4,O
106,5,O
106,6,O
106,7,O
106,8,O
106,9,O
106,10,O
106,11,O
106,12,O
106,13,O
106,14,O
106,15,O
106,16,O
106,17,N
106,18,N
106,19,N
106,20,N
106,21,N
106,22,N
106,23,N
106,24,N
106,25,N
106,26,N
106,27,N
106,28,C
106,29,C
106,30,C
106,31,C
106,32,C
106,33,C
106,34,C
106,35,C
106,36,C
106,37,C
106,38,C
106,39,C
106,40,C
106,41,C
106,42,C
106,43,C
106,44,C
106,45,C
106,46,C
106,47,C
106,48,C
106,49,C
106,50,C
106,51,C
106,52,C
106,53,C
106,54,C
106,55,C
106,56,C
106,57,C
106,58,C
106,59,C
106,60,C
106,61,C
106,62,C
106,63,C
106,64,C
106,65,C
106,66,C
106,67,C
106,68,C
106,69,C
106,70,C
106,71,C
106,72,C
106,73,C
106,74,C
106,75,C
106,76,C
106,77,C
106,78,C
106,79,C
106,80,C
106,81,C
106,82,C
106,83,C
106,84,C
106,85,C
106,86,C
106,87,C
106,88,C
106,89,C
106,90,C
106,91,C
106,92,C
106,93,C
106,94,C
106,95,C
106,96,C
106,97,C
106,98,C
106,99,C
106,100,C
107,0,Sn
107,1,O
107,2,O
107,3,O
107,4,O
107,5,N
107,6,N
107,7,N
107,8,N
107,9,C
107,10,C
107,11,C
107,12,C
107,13,C
107,14,C
107,15,C
107,16,C
107,17,C
107,18,C
107,19,C
107,20,C
107,21,C
107,22,C
107,23,C
107,24,C
107,25,C
107,26,C
107,27,C
107,28,C
107,29,C
107,30,C
107,31,C
107,32,C
107,33,C
107,34,C
107,35,C
107,36,C
107,37,C
107,38,C
107,39,C
107,40,C
107,41,C
107,42,C
107,43,C
107,44,C
107,45,C
107,46,C
107,47,C
107,48,C
107,49,C
107,50,C
107,51,C
107,52,C
107,53,C
107,54,C
107,55,C
107,56,C
107,57,C
107,58,C
107,59,C
107,60,C
107,61,C
107,62,C
107,63,C
107,64,C
107,65,C
107,66,C
108,0,Cu
108,1,Mn
108,2,Mn
108,3,O
108,4,O
108,5,O
108,6,O
108,7,O
108,8,O
108,9,O
108,10,O
108,11,O
108,12,O
108,13,O
108,14,O
108,15,O
108,16,O
108,17,O
108,18,O
108,19,O
108,20,O
108,21,C
108,22,C
108,23,C
108,24,C
108,25,C
108,26,C
108,27,C
108,28,C
108,29,C
108,30,C
108,31,C
108,32,C
108,33,C
108,34,C
108,35,C
108,36,C
108,37,C
108,38,C
108,39,C
108,40,C
108,41,C
108,42,C
108,43,C
108,44,C
108,45,C
108,46,C
108,47,C
108,48,C
108,49,C
108,50,C
108,51,C
108,52,C
108,53,C
108,54,C
108,55,C
108,56,C
108,57,C
108,58,C
108,59,C
108,60,C
108,61,C
108,62,C
108,63,C
108,64,C
108,65,C
108,66,C
108,67,C
108,68,C
108,69,C
108,70,C
108,71,C
108,72,C
108,73,C
108,74,C
108,75,C
108,76,C
108,77,C
108,78,C
108,79,C
108,80,C
108,81,C
108,82,C
108,83,C
108,84,C
108,85,C
108,86,C
108,87,C
108,88,C
108,89,C
108,90,C
108,91,C
108,92,C
108,93,C
108,94,C
108,95,C
108,96,C
108,97,C
108,98,C
109,0,Cl
109,1,O
109,2,O
109,3,O
109,4,O
109,5,O
109,6,O
109,7,O
109,8,O
109,9,O
109,10,N
109,11,N
109,12,N
109,13,N
109,14,N
109,15,C
109,16,C
109,17,C
109,18,C
109,19,C
109,20,C
109,21,C
109,22,C
109,23,C
109,24,C
109,25,C
109,26,C
109,27,C
109,28,C
109,29,C
109,30,C
109,31,C
109,32,C
109,33,C
109,34,C
109,35,C
109,36,C
109,37,C
109,38,C
109,39,C
110,0,Nd
110,1,Nd
110,2,O
110,3,O
110,4,O
110,5,O
110,6,O
110,7,O
110,8,O
110,9,O
110,10,O
110,11,O
110,12,O
110,13,O
110,14,C
110,15,C
110,16,C
110,17,C
110,18,C
110,19,C
110,20,C
110,21,C
110,22,C
110,23,C
110,24,C
110,25,C
110,26,C
110,27,C
110,28,C
110,29,C
110,30,C
110,31,C
110,32,C
110,33,C
110,34,C
110,35,C
110,36,C
110,37,C
110,38,C
110,39,C
110,40,C
110,41,C
110,42,C
110,43,C
110,44,C
110,45,C
110,46,C
110,47,C
110,48,C
110,49,C
110,50,C
110,51,C
110,52,C
110,53,C
110,54,C
110,55,C
110,56,C
110,57,C
110,58,C
110,59,C
110,60,C
110,61,C
110,62,C
110,63,C
110,64,C
110,65,C
110,66,C
110,67,C
110,68,C
110,69,C
110,70,C
110,71,C
110,72,C
110,73,C
110,74,C
110,75,C
110,76,C
110,77,C
110,78,C
110,79,C
110,80,C
110,81,C
110,82,C
110,83,C
110,84,C
110,85,C
111,0,Tl
111,1,O
111,2,O
111,3,O
111,4,O
111,5,O
111,6,O
111,7,C
111,8,C
111,9,C
111,10,C
111,11,C
111,12,C
111,13,C
111,14,C
111,15,C
111,16,C
111,17,C
111,18,C
111,19,C
111,20,C
111,21,C
111,22,C
111,23,C
111,24,C
111,25,C
111,26,C
111,27,C
111,28,C
111,29,C
111,30,C
111,31,C
111,32,C
111,33,C
111,34,C
111,35,C
111,36,C
112,0,Ti
112,1,Ti
112,2,O
112,3,O
112,4,O
112,5,O
112,6,O
112,7,O
112,8,O
112,9,O
112,10,O
112,11,O
112,12,O
112,13,O
112,14,C
112,15,C
112,16,C
112,17,C
112,18,C
112,19,C
112,20,C
112,21,C
112,22,C
112,23,C
112,24,C
112,25,C
112,26,C
112,27,C
112,28,C
112,29,C
112,30,C
112,31,C
112,32,C
112,33,C
112,34,C
112,35,C
112,36,C
112,37,C
112,38,C
112,39,C
112,40,C
112,41,C
112,42,C
112,43,C
112,44,C
112,45,C
112,46,C
112,47,C
112,48,C
112,49,C
112,50,C
112,51,C
112,52,C
112,53,C
112,54,C
112,55,C
112,56,C
112,57,C
112,58,C
112,59,C
112,60,C
112,61,C
112,62,C
112,63,C
112,64,C
112,65,C
112,66,C
112,67,C
112,68,C
112,69,C
112,70,C
112,71,C
112,72,C
112,73,C
112,74,C
112,75,C
112,76,C
112,77,C
112,78,C
112,79,C
112,80,C
112,81,C
112,82,C
112,83,C
112,84,C
112,85,C
112,86,C
112,87,C
112,88,C
112,89,C
112,90,C
112,91,C
112,92,C
112,93,C
112,94,C
112,95,C
112,96,C
112,97,C
112,98,C
112,99,C
112,100,C
112,101,C
112,102,C
112,103,C
112,104,C
112,105,C
112,106,C
112,107,C
112,108,C
112,109,C
113,0,Ti
113,1,O
113,2,O
113,3,O
113,4,O
113,5,O
113,6,O
113,7,O
113,8,O
113,9,C
113,10,C
113,11,C
113,12,C
113,13,C
113,14,C
113,15,C
113,16,C
113,17,C
113,18,C
113,19,C
113,20,C
113,21,C
113,22,C
113,23,C
113,24,C
113,25,C
113,26,C
113,27,C
113,28,C
113,29,C
113,30,C
113,31,C
113,32,C
113,33,C
113,34,C
113,35,C
113,36,C
113,37,C
113,38,C
113,39,C
113,40,C
113,41,C
113,42,C
113,43,C
113,44,C
113,45,C
113,46,C
113,47,C
113,48,C
113,49,C
113,50,C
113,51,C
113,52,C
113,53,C
113,54,C
113,55,C
113,56,C
113,57,C
113,58,C
113,59,C
113,60,C
113,61,C
113,62,C
113,63,C
113,64,C
113,65,C
113,66,C
113,67,C
113,68,C
113,69,C
113,70,C
113,71,C
113,72,C
113,73,C
113,74,C
114,0,Ti
114,1,Cl
114,2,O
114,3,O
114,4,O
114,5,O
114,6,O
114,7,O
114,8,N
114,9,N
114,10,C
114,11,C
114,12,C
114,13,C
114,14,C
114,15,C
114,16,C
114,17,C
114,18,C
114,19,C
114,20,C
114,21,C
114,22,C
114,23,C
114,24,C
114,25,C
114,26,C
114,27,C
114,28,C
114,29,C
114,30,C
114,31,C
114,32,C
114,33,C
114,34,C
114,35,C
114,36,C
114,37,C
114,38,C
114,39,C
114,40,C
114,41,C
114,42,C
114,43,C
114,44,C
114,45,C
115,0,Ti
115,1,O
115,2,O
115,3,O
115,4,O
115,5,O
115,6,O
115,7,O
115,8,O
115,9,O
115,10,C
115,11,C
115,12,C
115,13,C
115,14,C
115,15,C
115,16,C
115,17,C
115,18,C
115,19,C
115,20,C
115,21,C
115,22,C
115,23,C
115,24,C
115,25,C
115,26,C
115,27,C
115,28,C
115,29,C
115,30,C
115,31,C
115,32,C
115,33,C
115,34,C
115,35,C
115,36,C
115,37,C
115,38,C
115,39,C
115,40,C
115,41,C
115,42,C
115,43,C
115,44,C
115,45,C
116,0,Ti
116,1,Cl
116,2,Cl
116,3,O
116,4,O
116,5,O
116,6,O
116,7,O
116,8,O
116,9,C
116,10,C
116,11,C
116,12,C
116,13,C
116,14,C
116,15,C
116,16,C
116,17,C
116,18,C
116,19,C
116,20,C
116,21,C
116,22,C
116,23,C
116,24,C
116,25,C
116,26,C
116,27,C
116,28,C
116,29,C
116,30,C
116,31,C
116,32,C
116,33,C
116,34,C
116,35,C
116,36,C
116,37,C
116,38,C
116,39,C
116,40,C
116,41,C
116,42,C
117,0,Ti
117,1,Cl
117,2,O
117,3,O
117,4,O
117,5,O
117,6,O
117,7,O
117,8,N
117,9,N
117,10,C
117,11,C
117,12,C
117,13,C
117,14,C
117,15,C
117,16,C
117,17,C
117,18,C
117,19,C
117,20,C
117,21,C
117,22,C
117,23,C
117,24,C
117,25,C
117,26,C
117,27,C
117,28,C
117,29,C
117,30,C
117,31,C
117,32,C
117,33,C
117,34,C
117,35,C
117,36,C
117,37,C
117,38,C
117,39,C
117,40,C
117,41,C
117,42,C
117,43,C
117,44,C
117,45,C
117,46,C
117,47,C
118,0,Zr
118,1,Cl
118,2,O
118,3,O
118,4,O
118,5,O
118,6,O
118,7,O
118,8,C
118,9,C
118,10,C
118,11,C
118,12,C
118,13,C
118,14,C
118,15,C
118,16,C
118,17,C
118,18,C
118,19,C
118,20,C
118,21,C
118,22,C
118,23,C
118,24,C
118,25,C
118,26,C
118,27,C
118,28,C
118,29,C
118,30,C
118,31,C
118,32,C
118,33,C
118,34,C
118,35,C
118,36,C
118,37,C
118,38,C
118,39,C
118,40,C
118,41,C
118,42,C
118,43,C
118,44,C
118,45,C
118,46,C
118,47,C
118,48,C
118,49,C
118,50,C
118,51,C
118,52,C
119,0,Zr
119,1,Br
119,2,O
119,3,O
119,4,O
119,5,O
119,6,O
119,7,O
119,8,C
119,9,C
119,10,C
119,11,C
119,12,C
119,13,C
119,14,C
119,15,C
119,16,C
119,17,C
119,18,C
119,19,C
119,20,C
119,21,C
119,22,C
119,23,C
119,24,C
119,25,C
119,26,C
119,27,C
119,28,C
119,29,C
119,30,C
119,31,C
119,32,C
119,33,C
119,34,C
119,35,C
119,36,C
119,37,C
120,0,Hf
120,1,Cl
120,2,O
120,3,O
120,4,O
120,5,O
120,6,O
120,7,O
120,8,C
120,9,C
120,10,C
120,11,C
120,12,C
120,13,C
120,14,C
120,15,C
120,16,C
120,17,C
120,18,C
120,19,C
120,20,C
120,21,C
120,22,C
120,23,C
120,24,C
120,25,C
120,26,C
120,27,C
120,28,C
120,29,C
120,30,C
120,31,C
120,32,C
120,33,C
120,34,C
120,35,C
120,36,C
120,37,C
121,0,Hf
121,1,Cl
121,2,O
121,3,O
121,4,O
121,5,O
121,6,O
121,7,O
121,8,C
121,9,C
121,10,C
121,11,C
121,12,C
121,13,C
121,14,C
121,15,C
121,16,C
121,17,C
121,18,C
121,19,C
121,20,C
121,21,C
121,22,C
121,23,C
121,24,C
121,25,C
121,26,C
121,27,C
121,28,C
121,29,C
121,30,C
121,31,C
121,32,C
121,33,C
121,34,C
121,35,C
121,36,C
121,37,C
121,38,C
121,39,C
121,40,C
121,41,C
121,42,C
121,43,C
121,44,C
121,45,C
121,46,C
121,47,C
121,48,C
121,49,C
121,50,C
121,51,C
121,52,C
122,0,In
122,1,O
122,2,O
122,3,O
122,4,O
122,5,O
122,6,O
122,7,C
122,8,C
122,9,C
122,10,C
122,11,C
122,12,C
122,13,C
122,14,C
122,15,C
122,16,C
122,17,C
122,18,C
122,19,C
122,20,C
122,21,C
122,22,C
122,23,C
122,24,C
122,25,C
122,26,C
122,27,C
122,28,C
122,29,C
122,30,C
122,31,C
122,32,C
122,33,C
122,34,C
122,35,C
122,36,C
123,0,Ga
123,1,O
123,2,O
123,3,O
123,4,O
123,5,O
123,6,O
123,7,C
123,8,C
123,9,C
123,10,C
123,11,C
123,12,C
123,13,C
123,14,C
123,15,C
123,16,C
123,17,C
123,18,C
123,19,C
123,20,C
123,21,C
123,22,C
123,23,C
123,24,C
123,25,C
123,26,C
123,27,C
123,28,C
123,29,C
123,30,C
123,31,C
123,32,C
123,33,C
123,34,C
123,35,C
123,36,C
123,37,C
123,38,C
123,39,C
123,40,C
123,41,C
123,42,C
123,43,C
123,44,C
123,45,C
123,46,C
123,47,C
123,48,C
123,49,C
123,50,C
123,51,C
124,0,Ga
124,1,O
124,2,O
124,3,O
124,4,O
124,5,O
124,6,O
124,7,C
124,8,C
124,9,C
124,10,C
124,11,C
124,12,C
124,13,C
124,14,C
124,15,C
124,16,C
124,17,C
124,18,C
124,19,C
124,20,C
124,21,C
124,22,C
124,23,C
124,24,C
124,25,C
124,26,C
124,27,C
124,28,C
124,29,C
124,30,C
124,31,C
124,32,C
124,33,C
124,34,C
124,35,C
124,36,C
125,0,Cl
125,1,O
125,2,O
125,3,O
125,4,O
125,5,O
125,6,O
125,7,O
125,8,O
125,9,O
125,10,N
125,11,N
125,12,N
125,13,N
125,14,N
125,15,N
125,16,C
125,17,C
125,18,C
125,19,C
125,20,C
125,21,C
125,22,C
125,23,C
125,24,C
125,25,C
125,26,C
125,27,C
125,28,C
125,29,C
125,30,C
125,31,C
125,32,C
125,33,C
125,34,C
125,35,C
125,36,C
125,37,C
125,38,C
125,39,C
125,40,C
125,41,C
125,42,C
125,43,C
125,44,C
125,45,C
125,46,C
125,47,C
125,48,C
125,49,C
125,50,C
125,51,C
125,52,C
125,53,C
125,54,C
125,55,C
125,56,C
125,57,C
125,58,C
125,59,C
125,60,C
125,61,C
125,62,C
125,63,C
125,64,C
125,65,C
125,66,C
126,0,F
126,1,F
126,2,F
126,3,F
126,4,F
126,5,F
126,6,O
126,7,N
126,8,C
126,9,C
126,10,C
126,11,C
126,12,C
126,13,C
126,14,C
126,15,C
126,16,C
126,17,C
126,18,C
126,19,C
126,20,C
126,21,C
126,22,C
126,23,C
126,24,C
126,25,C
127,0,O
127,1,O
127,2,O
127,3,O
127,4,N
127,5,N
127,6,N
127,7,N
127,8,N
127,9,C
127,10,C
127,11,C
127,12,C
127,13,C
127,14,C
127,15,C
127,16,C
127,17,C
127,18,C
127,19,C
127,20,C
128,0,N
128,1,N
128,2,N
128,3,N
128,4,C
128,5,C
128,6,C
128,7,C
128,8,C
128,9,C
128,10,C
128,11,C
128,12,C
128,13,C
128,14,C
128,15,C
128,16,C
128,17,C
128,18,C
128,19,C
128,20,C
128,21,C
128,22,C
128,23,C
128,24,C
128,25,C
128,26,C
128,27,C
128,28,C
128,29,C
128,30,C
128,31,C
128,32,C
128,33,C
128,34,C
128,35,C
128,36,C
128,37,C
128,38,C
128,39,C
128,40,C
128,41,C
128,42,C
128,43,C
128,44,C
128,45,C
129,0,O
129,1,O
129,2,O
129,3,O
129,4,O
129,5,O
129,6,O
129,7,O
129,8,C
129,9,C
129,10,C
129,11,C
129,12,C
129,13,C
129,14,C
129,15,C
129,16,C
129,17,C
129,18,C
129,19,C
129,20,C
129,21,C
129,22,C
129,23,C
129,24,C
129,25,C
129,26,C
129,27,C
129,28,C
129,29,C
129,30,C
129,31,C
129,32,C
129,33,C
129,34,C
130,0,O
130,1,O
130,2,O
130,3,O
130,4,C
130,5,C
130,6,C
130,7,C
130,8,C
130,9,C
130,10,C
130,11,C
130,12,C
130,13,C
130,14,C
130,15,C
130,16,C
130,17,C
130,18,C
130,19,C
130,20,C
130,21,C
130,22,C
130,23,C
130,24,C
131,0,N
131,1,N
131,2,N
131,3,N
131,4,C
131,5,C
131,6,C
131,7,C
131,8,C
131,9,C
131,10,C
131,11,C
131,12,C
131,13,C
131,14,C
131,15,C
131,16,C
131,17,C
131,18,C
131,19,C
131,20,C
131,21,C
131,22,C
131,23,C
131,24,C
131,25,C
131,26,C
131,27,C
131,28,C
131,29,C
131,30,C
131,31,C
131,32,C
131,33,C
131,34,C
131,35,C
131,36,C
131,37,C
131,38,C
131,39,C
131,40,C
131,41,C
131,42,C
131,43,C
131,44,C
131,45,C
132,0,N
132,1,N
132,2,N
132,3,N
132,4,C
132,5,C
132,6,C
132,7,C
132,8,C
132,9,C
132,10,C
132,11,C
132,12,C
132,13,C
132,14,C
132,15,C
132,16,C
132,17,C
132,18,C
132,19,C
132,20,C
132,21,C
132,22,C
132,23,C
132,24,C
132,25,C
132,26,C
132,27,C
132,28,C
132,29,C
132,30,C
132,31,C
132,32,C
132,33,C
132,34,C
132,35,C
132,36,C
132,37,C
132,38,C
132,39,C
132,40,C
132,41,C
132,42,C
132,43,C
132,44,C
132,45,C
133,0,O
133,1,O
133,2,O
133,3,O
133,4,O
133,5,N
133,6,C
133,7,C
133,8,C
133,9,C
133,10,C
133,11,C
133,12,C
133,13,C
133,14,C
133,15,C
133,16,C
133,17,C
133,18,C
133,19,C
133,20,C
133,21,C
133,22,C
133,23,C
133,24,C
133,25,C
133,26,C
133,27,C
133,28,C
133,29,C
134,0,O
134,1,O
134,2,O
134,3,O
134,4,O
134,5,O
134,6,O
134,7,O
134,8,C
134,9,C
134,10,C
134,11,C
134,12,C
134,13,C
134,14,C
134,15,C
134,16,C
134,17,C
134,18,C
134,19,C
134,20,C
134,21,C
134,22,C
134,23,C
134,24,C
135,0,O
135,1,O
135,2,O
135,3,N
135,4,N
135,5,C
135,6,C
135,7,C
135,8,C
135,9,C
135,10,C
135,11,C
135,12,C
135,13,C
135,14,C
135,15,C
135,16,C
135,17,C
135,18,C
135,19,C
135,20,C
135,21,C
136,0,O
136,1,O
136,2,C
136,3,C
136,4,C
136,5,C
136,6,C
136,7,C
136,8,C
136,9,C
136,10,C
136,11,C
136,12,C
136,13,C
136,14,C
136,15,C
136,16,C
136,17,C
136,18,C
136,19,C
137,0,O
137,1,O
137,2,O
137,3,O
137,4,O
137,5,O
137,6,O
137,7,C
137,8,C
137,9,C
137,10,C
137,11,C
137,12,C
137,13,C
137,14,C
137,15,C
137,16,C
137,17,C
137,18,C
137,19,C
137,20,C
137,21,C
137,22,C
137,23,C
137,24,C
137,25,C
137,26,C
137,27,C
137,28,C
137,29,C
137,30,C
137,31,C
138,0,N
138,1,N
138,2,N
138,3,N
138,4,C
138,5,C
138,6,C
138,7,C
138,8,C
138,9,C
138,10,C
138,11,C
138,12,C
138,13,C
138,14,C
138,15,C
138,16,C
138,17,C
138,18,C
138,19,C
138,20,C
138,21,C
138,22,C
138,23,C
138,24,C
138,25,C
138,26,C
138,27,C
138,28,C
138,29,C
138,30,C
138,31,C
138,32,C
138,33,C
138,34,C
138,35,C
138,36,C
138,37,C
138,38,C
138,39,C
138,40,C
138,41,C
138,42,C
139,0,O
139,1,O
139,2,O
139,3,O
139,4,O
139,5,O
139,6,O
139,7,O
139,8,O
139,9,O
139,10,O
139,11,C
139,12,C
139,13,C
139,14,C
139,15,C
139,16,C
139,17,C
139,18,C
139,19,C
139,20,C
139,21,C
139,22,C
139,23,C
139,24,C
139,25,C
139,26,C
139,27,C
139,28,C
139,29,C
139,30,C
139,31,C
139,32,C
139,33,C
139,34,C
139,35,C
139,36,C
139,37,C
139,38,C
139,39,C
139,40,C
139,41,C
139,42,C
139,43,C
139,44,C
139,45,C
139,46,C
139,47,C
139,48,C
140,0,O
140,1,O
140,2,O
140,3,O
140,4,O
140,5,O
140,6,O
140,7,O
140,8,O
140,9,O
140,10,C
140,11,C
140,12,C
140,13,C
140,14,C
140,15,C
140,16,C
140,17,C
140,18,C
140,19,C
140,20,C
140,21,C
140,22,C
140,23,C
140,24,C
140,25,C
140,26,C
140,27,C
140,28,C
140,29,C
140,30,C
140,31,C
140,32,C
140,33,C
140,34,C
140,35,C
140,36,C
140,37,C
140,38,C
140,39,C
140,40,C
140,41,C
140,42,C
140,43,C
140,44,C
140,45,C
140,46,C
140,47,C
141,0,S
141,1,O
141,2,O
141,3,O
141,4,O
141,5,N
141,6,C
141,7,C
141,8,C
141,9,C
141,10,C
141,11,C
141,12,C
141,13,C
141,14,C
141,15,C
141,16,C
141,17,C
141,18,C
141,19,C
142,0,S
142,1,O
142,2,O
142,3,O
142,4,O
142,5,N
142,6,C
142,7,C
142,8,C
142,9,C
142,10,C
142,11,C
142,12,C
142,13,C
142,14,C
142,15,C
142,16,C
142,17,C
142,18,C
142,19,C
143,0,S
143,1,O
143,2,O
143,3,O
143,4,O
143,5,N
143,6,C
143,7,C
143,8,C
143,9,C
143,10,C
143,11,C
143,12,C
143,13,C
143,14,C
143,15,C
143,16,C
143,17,C
143,18,C
143,19,C
144,0,Cl
144,1,O
144,2,O
144,3,O
144,4,O
144,5,N
144,6,C
144,7,C
144,8,C
144,9,C
144,10,C
144,11,C
144,12,C
144,13,C
144,14,C
144,15,C
144,16,C
144,17,C
144,18,C
144,19,C
144,20,C
144,21,C
144,22,C
144,23,C
144,24,C
144,25,C
144,26,C
144,27,C
144,28,C
145,0,O
145,1,O
145,2,O
145,3,O
145,4,O
145,5,O
145,6,C
145,7,C
145,8,C
145,9,C
145,10,C
145,11,C
145,12,C
145,13,C
145,14,C
145,15,C
145,16,C
145,17,C
145,18,C
145,19,C
145,20,C
145,21,C
145,22,C
145,23,C
145,24,C
145,25,C
145,26,C
145,27,C
145,28,C
145,29,C
145,30,C
145,31,C
145,32,C
145,33,C
145,34,C
145,35,C
145,36,C
145,37,C
145,38,C
145,39,C
145,40,C
146,0,O
146,1,O
146,2,O
146,3,O
146,4,O
146,5,O
146,6,O
146,7,O
146,8,O
146,9,O
146,10,C
146,11,C
146,12,C
146,13,C
146,14,C
146,15,C
146,16,C
146,17,C
146,18,C
146,19,C
146,20,C
146,21,C
146,22,C
146,23,C
146,24,C
146,25,C
146,26,C
146,27,C
146,28,C
146,29,C
146,30,C
146,31,C
146,32,C
146,33,C
146,34,C
146,35,C
146,36,C
146,37,C
146,38,C
146,39,C
146,40,C
146,41,C
146,42,C
146,43,C
146,44,C
146,45,C
147,0,O
147,1,O
147,2,O
147,3,O
147,4,O
147,5,O
147,6,O
147,7,O
147,8,O
147,9,O
147,10,O
147,11,C
147,12,C
147,13,C
147,14,C
147,15,C
147,16,C
147,17,C
147,18,C
147,19,C
147,20,C
147,21,C
147,22,C
147,23,C
147,24,C
147,25,C
147,26,C
147,27,C
147,28,C
147,29,C
147,30,C
147,31,C
147,32,C
147,33,C
147,34,C
147,35,C
147,36,C
147,37,C
147,38,C
147,39,C
147,40,C
147,41,C
147,42,C
147,43,C
147,44,C
147,45,C
147,46,C
147,47,C
147,48,C
148,0,K
148,1,O
148,2,O
148,3,O
148,4,O
148,5,N
148,6,N
148,7,N
148,8,N
148,9,N
148,10,C
148,11,C
148,12,C
148,13,C
148,14,C
148,15,C
148,16,C
148,17,C
149,0,Si
149,1,O
149,2,O
149,3,O
149,4,O
149,5,O
149,6,O
149,7,O
149,8,O
149,9,N
149,10,C
149,11,C
149,12,C
149,13,C
149,14,C
149,15,C
149,16,C
149,17,C
149,18,C
149,19,C
149,20,C
149,21,C
149,22,C
149,23,C
149,24,C
149,25,C
149,26,C
149,27,C
149,28,C
149,29,C
149,30,C
149,31,C
149,32,C
149,33,C
149,34,C
150,0,Si
150,1,O
150,2,O
150,3,O
150,4,O
150,5,O
150,6,O
150,7,O
150,8,O
150,9,N
150,10,C
150,11,C
150,12,C
150,13,C
150,14,C
150,15,C
150,16,C
150,17,C
150,18,C
150,19,C
150,20,C
150,21,C
150,22,C
150,23,C
150,24,C
150,25,C
150,26,C
150,27,C
150,28,C
150,29,C
150,30,C
150,31,C
150,32,C
150,33,C
150,34,C
151,0,Cl
151,1,O
151,2,O
151,3,O
151,4,O
151,5,O
151,6,O
151,7,O
151,8,O
151,9,O
151,10,O
151,11,O
151,12,O
151,13,O
151,14,N
151,15,C
151,16,C
151,17,C
151,18,C
151,19,C
151,20,C
151,21,C
151,22,C
151,23,C
151,24,C
151,25,C
151,26,C
151,27,C
151,28,C
151,29,C
151,30,C
151,31,C
151,32,C
151,33,C
151,34,C
151,35,C
151,36,C
151,37,C
151,38,C
151,39,C
151,40,C
151,41,C
151,42,C
151,43,C
151,44,C
151,45,C
151,46,C
151,47,C
152,0,O
152,1,O
152,2,O
152,3,C
152,4,C
152,5,C
152,6,C
152,7,C
152,8,C
152,9,C
152,10,C
152,11,C
152,12,C
152,13,C
152,14,C
152,15,C
152,16,C
152,17,C
153,0,O
153,1,O
153,2,O
153,3,N
153,4,C
153,5,C
153,6,C
153,7,C
153,8,C
153,9,C
153,10,C
153,11,C
153,12,C
153,13,C
153,14,C
153,15,C
153,16,C
153,17,C
153,18,C
153,19,C
153,20,C
153,21,C
153,22,C
153,23,C
153,24,C
153,25,C
153,26,C
153,27,C
153,28,C
153,29,C
153,30,C
153,31,C
153,32,C
153,33,C
153,34,C
153,35,C
153,36,C
153,37,C
153,38,C
154,0,O
154,1,O
154,2,O
154,3,O
154,4,O
154,5,O
154,6,N
154,7,C
154,8,C
154,9,C
154,10,C
154,11,C
154,12,C
154,13,C
154,14,C
154,15,C
154,16,C
154,17,C
154,18,C
154,19,C
154,20,C
154,21,C
154,22,C
154,23,C
154,24,C
154,25,C
154,26,C
154,27,C
154,28,C
154,29,C
154,30,C
154,31,C
154,32,C
154,33,C
154,34,C
154,35,C
154,36,C
154,37,C
154,38,C
154,39,C
155,0,O
155,1,O
155,2,O
155,3,O
155,4,O
155,5,C
155,6,C
155,7,C
155,8,C
155,9,C
155,10,C
155,11,C
155,12,C
155,13,C
155,14,C
155,15,C
155,16,C
155,17,C
155,18,C
155,19,C
155,20,C
155,21,C
155,22,C
155,23,C
155,24,C
156,0,O
156,1,O
156,2,O
156,3,C
156,4,C
156,5,C
156,6,C
156,7,C
156,8,C
156,9,C
156,10,C
156,11,C
156,12,C
156,13,C
156,14,C
156,15,C
156,16,C
156,17,C
156,18,C
156,19,C
156,20,C
156,21,C
156,22,C
156,23,C
157,0,S
157,1,S
157,2,O
157,3,O
157,4,O
157,5,O
157,6,N
157,7,N
157,8,N
157,9,N
157,10,N
157,11,N
157,12,C
157,13,C
157,14,C
157,15,C
157,16,C
157,17,C
157,18,C
157,19,C
157,20,C
157,21,C
157,22,C
157,23,C
157,24,C
157,25,C
157,26,C
157,27,C
157,28,C
157,29,C
157,30,C
157,31,C
157,32,C
157,33,C
157,34,C
157,35,C
157,36,C
158,0,Cl
158,1,S
158,2,S
158,3,O
158,4,O
158,5,O
158,6,O
158,7,N
158,8,N
158,9,N
158,10,N
158,11,N
158,12,N
158,13,C
158,14,C
158,15,C
158,16,C
158,17,C
158,18,C
158,19,C
158,20,C
158,21,C
158,22,C
158,23,C
158,24,C
158,25,C
158,26,C
158,27,C
158,28,C
158,29,C
158,30,C
158,31,C
158,32,C
158,33,C
158,34,C
158,35,C
158,36,C
158,37,C
159,0,S
159,1,O
159,2,O
159,3,N
159,4,N
159,5,N
159,6,C
159,7,C
159,8,C
159,9,C
159,10,C
159,11,C
159,12,C
159,13,C
159,14,C
159,15,C
159,16,C
159,17,C
159,18,C
159,19,C
159,20,C
159,21,C
159,22,C
159,23,C
160,0,Br
160,1,S
160,2,O
160,3,O
160,4,N
160,5,N
160,6,N
160,7,C
160,8,C
160,9,C
160,10,C
160,11,C
160,12,C
160,13,C
160,14,C
160,15,C
160,16,C
160,17,C
160,18,C
160,19,C
160,20,C
160,21,C
160,22,C
160,23,C
160,24,C
161,0,O
161,1,O
161,2,O
161,3,O
161,4,O
161,5,O
161,6,O
161,7,O
161,8,N
161,9,C
161,10,C
161,11,C
161,12,C
161,13,C
161,14,C
161,15,C
161,16,C
161,17,C
161,18,C
161,19,C
161,20,C
161,21,C
161,22,C
161,23,C
161,24,C
161,25,C
161,26,C
161,27,C
161,28,C
161,29,C
161,30,C
161,31,C
161,32,C
161,33,C
161,34,C
161,35,C
162,0,O
162,1,O
162,2,O
162,3,O
162,4,O
162,5,O
162,6,O
162,7,O
162,8,N
162,9,C
162,10,C
162,11,C
162,12,C
162,13,C
162,14,C
162,15,C
162,16,C
162,17,C
162,18,C
162,19,C
162,20,C
162,21,C
162,22,C
162,23,C
162,24,C
162,25,C
162,26,C
162,27,C
162,28,C
162,29,C
162,30,C
162,31,C
162,32,C
162,33,C
162,34,C
162,35,C
162,36,C
162,37,C
162,38,C
162,39,C
162,40,C
162,41,C
162,42,C
163,0,F
163,1,F
163,2,F
163,3,O
163,4,O
163,5,O
163,6,O
163,7,O
163,8,O
163,9,O
163,10,O
163,11,O
163,12,O
163,13,O
163,14,O
163,15,O
163,16,O
163,17,N
163,18,C
163,19,C
163,20,C
163,21,C
163,22,C
163,23,C
163,24,C
163,25,C
163,26,C
163,27,C
163,28,C
163,29,C
163,30,C
163,31,C
163,32,C
163,33,C
163,34,C
163,35,C
163,36,C
163,37,C
163,38,C
163,39,C
163,40,C
163,41,C
163,42,C
163,43,C
163,44,C
163,45,C
163,46,C
163,47,C
163,48,C
163,49,C
163,50,C
163,51,C
163,52,C
163,53,C
163,54,C
163,55,C
163,56,C
163,57,C
163,58,C
163,59,C
163,60,C
163,61,C
163,62,C
163,63,C
163,64,C
163,65,C
164,0,O
164,1,O
164,2,O
164,3,N
164,4,N
164,5,C
164,6,C
164,7,C
164,8,C
164,9,C
164,10,C
164,11,C
164,12,C
164,13,C
164,14,C
164,15,C
164,16,C
164,17,C
164,18,C
165,0,O
165,1,O
165,2,O
165,3,O
165,4,O
165,5,O
165,6,O
165,7,O
165,8,N
165,9,N
165,10,N
165,11,N
165,12,N
165,13,C
165,14,C
165,15,C
165,16,C
165,17,C
165,18,C
165,19,C
165,20,C
165,21,C
165,22,C
165,23,C
165,24,C
165,25,C
165,26,C
165,27,C
165,28,C
165,29,C
165,30,C
165,31,C
165,32,C
165,33,C
165,34,C
165,35,C
165,36,C
165,37,C
165,38,C
165,39,C
165,40,C
165,41,C
165,42,C
165,43,C
165,44,C
165,45,C
165,46,C
165,47,C
165,48,C
165,49,C
165,50,C
165,51,C
165,52,C
165,53,C
165,54,C
165,55,C
165,56,C
166,0,Cl
166,1,S
166,2,N
166,3,N
166,4,N
166,5,N
166,6,C
166,7,C
166,8,C
166,9,C
166,10,C
166,11,C
166,12,C
166,13,C
166,14,C
166,15,C
166,16,C
166,17,C
166,18,C
166,19,C
166,20,C
166,21,C
166,22,C
166,23,C
166,24,C
166,25,C
166,26,C
167,0,I
167,1,S
167,2,N
167,3,N
167,4,N
167,5,C
167,6,C
167,7,C
167,8,C
167,9,C
167,10,C
167,11,C
167,12,C
167,13,C
167,14,C
167,15,C
167,16,C
167,17,C
167,18,C
167,19,C
167,20,C
167,21,C
167,22,C
167,23,C
167,24,C
167,25,C
167,26,C
168,0,I
168,1,S
168,2,N
168,3,N
168,4,N
168,5,C
168,6,C
168,7,C
168,8,C
168,9,C
168,10,C
168,11,C
168,12,C
168,13,C
168,14,C
168,15,C
168,16,C
168,17,C
168,18,C
168,19,C
168,20,C
168,21,C
168,22,C
168,23,C
169,0,S
169,1,O
169,2,O
169,3,C
169,4,C
169,5,C
169,6,C
169,7,C
169,8,C
169,9,C
169,10,C
169,11,C
169,12,C
169,13,C
169,14,C
169,15,C
169,16,C
169,17,C
169,18,C
169,19,C
169,20,C
169,21,C
169,22,C
170,0,O
170,1,O
170,2,O
170,3,C
170,4,C
170,5,C
170,6,C
170,7,C
170,8,C
170,9,C
170,10,C
170,11,C
170,12,C
170,13,C
170,14,C
170,15,C
170,16,C
170,17,C
171,0,O
171,1,O
171,2,O
171,3,O
171,4,O
171,5,O
171,6,O
171,7,O
171,8,O
171,9,O
171,10,O
171,11,N
171,12,C
171,13,C
171,14,C
171,15,C
171,16,C
171,17,C
171,18,C
171,19,C
171,20,C
171,21,C
171,22,C
171,23,C
171,24,C
171,25,C
171,26,C
171,27,C
171,28,C
171,29,C
171,30,C
171,31,C
171,32,C
171,33,C
171,34,C
171,35,C
171,36,C
171,37,C
171,38,C
171,39,C
171,40,C
171,41,C
171,42,C
172,0,O
172,1,O
172,2,O
172,3,O
172,4,O
172,5,O
172,6,N
172,7,C
172,8,C
172,9,C
172,10,C
172,11,C
172,12,C
172,13,C
172,14,C
172,15,C
172,16,C
172,17,C
172,18,C
172,19,C
172,20,C
172,21,C
172,22,C
172,23,C
172,24,C
173,0,S
173,1,S
173,2,S
173,3,O
173,4,O
173,5,O
173,6,O
173,7,O
173,8,N
173,9,N
173,10,N
173,11,N
173,12,C
173,13,C
173,14,C
173,15,C
173,16,C
173,17,C
173,18,C
173,19,C
173,20,C
173,21,C
173,22,C
173,23,C
173,24,C
173,25,C
173,26,C
173,27,C
173,28,C
173,29,C
173,30,C
173,31,C
173,32,C
173,33,C
174,0,S
174,1,S
174,2,S
174,3,O
174,4,O
174,5,O
174,6,O
174,7,O
174,8,N
174,9,N
174,10,N
174,11,N
174,12,C
174,13,C
174,14,C
174,15,C
174,16,C
174,17,C
174,18,C
174,19,C
174,20,C
174,21,C
174,22,C
174,23,C
174,24,C
174,25,C
174,26,C
174,27,C
174,28,C
174,29,C
174,30,C
174,31,C
174,32,C
174,33,C
175,0,S
175,1,S
175,2,S
175,3,O
175,4,O
175,5,O
175,6,O
175,7,N
175,8,N
175,9,N
175,10,N
175,11,C
175,12,C
175,13,C
175,14,C
175,15,C
175,16,C
175,17,C
175,18,C
175,19,C
175,20,C
175,21,C
175,22,C
175,23,C
175,24,C
175,25,C
175,26,C
175,27,C
175,28,C
175,29,C
175,30,C
175,31,C
175,32,C
176,0,S
176,1,S
176,2,S
176,3,O
176,4,O
176,5,O
176,6,O
176,7,N
176,8,N
176,9,N
176,10,N
176,11,C
176,12,C
176,13,C
176,14,C
176,15,C
176,16,C
176,17,C
176,18,C
176,19,C
176,20,C
176,21,C
176,22,C
176,23,C
176,24,C
176,25,C
176,26,C
176,27,C
176,28,C
176,29,C
176,30,C
176,31,C
176,32,C
177,0,S
177,1,S
177,2,S
177,3,O
177,4,O
177,5,O
177,6,O
177,7,N
177,8,N
177,9,N
177,10,N
177,11,C
177,12,C
177,13,C
177,14,C
177,15,C
177,16,C
177,17,C
177,18,C
177,19,C
177,20,C
177,21,C
177,22,C
177,23,C
177,24,C
177,25,C
177,26,C
177,27,C
177,28,C
177,29,C
177,30,C
177,31,C
177,32,C
178,0,S
178,1,S
178,2,S
178,3,O
178,4,O
178,5,O
178,6,O
178,7,N
178,8,N
178,9,N
178,10,N
178,11,C
178,12,C
178,13,C
178,14,C
178,15,C
178,16,C
178,17,C
178,18,C
178,19,C
178,20,C
178,21,C
178,22,C
178,23,C
178,24,C
178,25,C
178,26,C
178,27,C
178,28,C
178,29,C
178,30,C
178,31,C
178,32,C
179,0,S
179,1,S
179,2,S
179,3,O
179,4,O
179,5,O
179,6,O
179,7,O
179,8,N
179,9,N
179,10,N
179,11,N
179,12,C
179,13,C
179,14,C
179,15,C
179,16,C
179,17,C
179,18,C
179,19,C
179,20,C
179,21,C
179,22,C
179,23,C
179,24,C
179,25,C
179,26,C
179,27,C
179,28,C
179,29,C
179,30,C
179,31,C
179,32,C
179,33,C
180,0,S
180,1,S
180,2,S
180,3,O
180,4,O
180,5,O
180,6,O
180,7,O
180,8,N
180,9,N
180,10,N
180,11,N
180,12,C
180,13,C
180,14,C
180,15,C
180,16,C
180,17,C
180,18,C
180,19,C
180,20,C
180,21,C
180,22,C
180,23,C
180,24,C
180,25,C
180,26,C
180,27,C
180,28,C
180,29,C
180,30,C
180,31,C
180,32,C
180,33,C
181,0,O
181,1,O
181,2,O
181,3,C
181,4,C
181,5,C
181,6,C
181,7,C
181,8,C
181,9,C
181,10,C
181,11,C
181,12,C
181,13,C
181,14,C
181,15,C
181,16,C
181,17,C
181,18,C
181,19,C
181,20,C
182,0,O
182,1,O
182,2,O
182,3,C
182,4,C
182,5,C
182,6,C
182,7,C
182,8,C
182,9,C
182,10,C
182,11,C
182,12,C
182,13,C
182,14,C
182,15,C
182,16,C
182,17,C
182,18,C
182,19,C
182,20,C
183,0,O
183,1,O
183,2,O
183,3,O
183,4,O
183,5,O
183,6,O
183,7,O
183,8,O
183,9,O
183,10,O
183,11,O
183,12,O
183,13,C
183,14,C
183,15,C
183,16,C
183,17,C
183,18,C
183,19,C
183,20,C
183,21,C
183,22,C
183,23,C
183,24,C
183,25,C
183,26,C
183,27,C
183,28,C
183,29,C
183,30,C
183,31,C
183,32,C
183,33,C
183,34,C
184,0,O
184,1,O
184,2,O
184,3,O
184,4,O
184,5,O
184,6,O
184,7,O
184,8,O
184,9,O
184,10,O
184,11,O
184,12,O
184,13,C
184,14,C
184,15,C
184,16,C
184,17,C
184,18,C
184,19,C
184,20,C
184,21,C
184,22,C
184,23,C
184,24,C
184,25,C
184,26,C
184,27,C
184,28,C
184,29,C
184,30,C
184,31,C
184,32,C
184,33,C
184,34,C
184,35,C
185,0,O
185,1,O
185,2,O
185,3,C
185,4,C
185,5,C
185,6,C
185,7,C
185,8,C
185,9,C
185,10,C
185,11,C
185,12,C
185,13,C
185,14,C
185,15,C
186,0,O
186,1,O
186,2,O
186,3,O
186,4,O
186,5,C
186,6,C
186,7,C
186,8,C
186,9,C
186,10,C
186,11,C
186,12,C
186,13,C
186,14,C
186,15,C
186,16,C
186,17,C
186,18,C
186,19,C
186,20,C
186,21,C
186,22,C
186,23,C
186,24,C
186,25,C
186,26,C
186,27,C
186,28,C
186,29,C
186,30,C
186,31,C
186,32,C
186,33,C
186,34,C
187,0,Ti
187,1,Cl
187,2,O
187,3,O
187,4,O
187,5,O
187,6,O
187,7,O
187,8,O
187,9,O
187,10,C
187,11,C
187,12,C
187,13,C
187,14,C
187,15,C
187,16,C
187,17,C
187,18,C
187,19,C
187,20,C
187,21,C
187,22,C
187,23,C
187,24,C
187,25,C
187,26,C
187,27,C
187,28,C
187,29,C
187,30,C
187,31,C
187,32,C
187,33,C
187,34,C
187,35,C
187,36,C
187,37,C
187,38,C
187,39,C
187,40,C
187,41,C
187,42,C
187,43,C
187,44,C
187,45,C
187,46,C
187,47,C
187,48,C
187,49,C
187,50,C
187,51,C
187,52,C
187,53,C
187,54,C
187,55,C
187,56,C
187,57,C
187,58,C
187,59,C
187,60,C
187,61,C
187,62,C
187,63,C
187,64,C
187,65,C
187,66,C
187,67,C
187,68,C
187,69,C
188,0,O
188,1,O
188,2,O
188,3,O
188,4,C
188,5,C
188,6,C
188,7,C
188,8,C
188,9,C
188,10,C
188,11,C
188,12,C
188,13,C
188,14,C
188,15,C
188,16,C
188,17,C
188,18,C
188,19,C
188,20,C
188,21,C
188,22,C
188,23,C
188,24,C
188,25,C
188,26,C
188,27,C
188,28,C
189,0,Cl
189,1,O
189,2,N
189,3,N
189,4,C
189,5,C
189,6,C
189,7,C
189,8,C
189,9,C
189,10,C
189,11,C
189,12,C
189,13,C
189,14,C
190,0,Cl
190,1,Cl
190,2,O
190,3,O
190,4,O
190,5,O
190,6,O
190,7,O
190,8,N
190,9,C
190,10,C
190,11,C
190,12,C
190,13,C
190,14,C
190,15,C
190,16,C
190,17,C
190,18,C
190,19,C
190,20,C
190,21,C
190,22,C
190,23,C
190,24,C
190,25,C
190,26,C
190,27,C
190,28,C
190,29,C
190,30,C
190,31,C
190,32,C
190,33,C
190,34,C
190,35,C
190,36,C
190,37,C
190,38,C
190,39,C
190,40,C
190,41,C
190,42,C
190,43,C
190,44,C
190,45,C
190,46,C
190,47,C
190,48,C
190,49,C
190,50,C
190,51,C
190,52,C
190,53,C
191,0,Cl
191,1,O
191,2,O
191,3,O
191,4,N
191,5,C
191,6,C
191,7,C
191,8,C
191,9,C
191,10,C
191,11,C
191,12,C
191,13,C
191,14,C
191,15,C
191,16,C
191,17,C
191,18,C
191,19,C
192,0,Cl
192,1,O
192,2,O
192,3,O
192,4,N
192,5,C
192,6,C
192,7,C
192,8,C
192,9,C
192,10,C
192,11,C
192,12,C
192,13,C
192,14,C
192,15,C
192,16,C
192,17,C
192,18,C
192,19,C
193,0,O
193,1,O
193,2,O
193,3,O
193,4,O
193,5,C
193,6,C
193,7,C
193,8,C
193,9,C
193,10,C
193,11,C
193,12,C
193,13,C
193,14,C
193,15,C
193,16,C
193,17,C
193,18,C
193,19,C
193,20,C
193,21,C
193,22,C
193,23,C
193,24,C
193,25,C
193,26,C
194,0,O
194,1,O
194,2,O
194,3,O
194,4,O
194,5,C
194,6,C
194,7,C
194,8,C
194,9,C
194,10,C
194,11,C
194,12,C
194,13,C
194,14,C
194,15,C
194,16,C
194,17,C
194,18,C
194,19,C
194,20,C
194,21,C
194,22,C
194,23,C
194,24,C
194,25,C
194,26,C
195,0,S
195,1,S
195,2,O
195,3,O
195,4,N
195,5,N
195,6,N
195,7,N
195,8,N
195,9,N
195,10,N
195,11,N
195,12,N
195,13,N
195,14,N
195,15,C
195,16,C
195,17,C
195,18,C
195,19,C
195,20,C
195,21,C
195,22,C
195,23,C
195,24,C
195,25,C
195,26,C
196,0,O
196,1,O
196,2,O
196,3,O
196,4,O
196,5,C
196,6,C
196,7,C
196,8,C
196,9,C
196,10,C
196,11,C
196,12,C
196,13,C
196,14,C
196,15,C
196,16,C
196,17,C
196,18,C
196,19,C
196,20,C
196,21,C
196,22,C
196,23,C
196,24,C
196,25,C
196,26,C
196,27,C
196,28,C
196,29,C
196,30,C
196,31,C
196,32,C
196,33,C
196,34,C
197,0,O
197,1,O
197,2,O
197,3,O
197,4,C
197,5,C
197,6,C
197,7,C
197,8,C
197,9,C
197,10,C
197,11,C
197,12,C
197,13,C
197,14,C
197,15,C
197,16,C
197,17,C
197,18,C
197,19,C
197,20,C
197,21,C
197,22,C
197,23,C
197,24,C
197,25,C
197,26,C
197,27,C
197,28,C
197,29,C
197,30,C
197,31,C
197,32,C
197,33,C
198,0,O
198,1,O
198,2,O
198,3,O
198,4,C
198,5,C
198,6,C
198,7,C
198,8,C
198,9,C
198,10,C
198,11,C
198,12,C
198,13,C
198,14,C
198,15,C
198,16,C
198,17,C
198,18,C
198,19,C
198,20,C
198,21,C
198,22,C
198,23,C
198,24,C
198,25,C
198,26,C
198,27,C
198,28,C
198,29,C
198,30,C
198,31,C
198,32,C
198,33,C
198,34,C
199,0,O
199,1,O
199,2,O
199,3,O
199,4,C
199,5,C
199,6,C
199,7,C
199,8,C
199,9,C
199,10,C
199,11,C
199,12,C
199,13,C
199,14,C
199,15,C
199,16,C
199,17,C
199,18,C
199,19,C
199,20,C
199,21,C
199,22,C
199,23,C
