id,atom_id,atom_type,charge
d1,d1_1,c,22
d1,d1_2,c,22
d1,d1_3,c,22
d1,d1_4,c,195
d1,d1_5,c,195
d1,d1_6,c,22
d1,d1_7,h,3
d1,d1_8,h,3
d1,d1_9,h,3
d1,d1_10,h,3
d1,d1_11,c,27
d1,d1_12,c,27
d1,d1_13,c,22
d1,d1_14,c,22
d1,d1_15,h,3
d1,d1_16,h,3
d1,d1_17,c,22
d1,d1_18,c,22
d1,d1_19,c,22
d1,d1_20,c,22
d1,d1_21,h,3
d1,d1_22,h,3
d1,d1_23,h,3
d1,d1_24,n,38
d1,d1_25,o,40
d1,d1_26,o,40
d100,d100_1,c,22
d100,d100_2,c,22
d100,d100_3,c,22
d100,d100_4,c,29
d100,d100_5,c,22
d100,d100_6,c,22
d100,d100_7,h,3
d100,d100_8,h,3
d100,d100_9,h,3
d100,d100_10,h,3
d100,d100_11,c,29
d100,d100_12,c,22
d100,d100_13,c,22
d100,d100_14,c,22
d100,d100_15,c,22
d100,d100_16,c,22
d100,d100_17,h,3
d100,d100_18,h,3
d100,d100_19,h,3
d100,d100_20,h,3
d100,d100_21,n,32
d100,d100_22,n,38
d100,d100_23,o,40
d100,d100_24,o,40
d100,d100_25,h,1
d100,d100_26,h,1
d101,d101_1,c,22
d101,d101_2,c,22
d101,d101_3,c,27
d101,d101_4,c,27
d101,d101_5,c,27
d101,d101_6,c,22
d101,d101_7,c,22
d101,d101_8,c,22
d101,d101_9,c,27
d101,d101_10,c,27
d101,d101_11,c,27
d101,d101_12,c,22
d101,d101_13,c,22
d101,d101_14,c,22
d101,d101_15,c,22
d101,d101_16,c,22
d101,d101_17,c,10
d101,d101_18,c,10
d101,d101_19,c,10
d101,d101_20,c,10
d101,d101_21,n,38
d101,d101_22,o,40
d101,d101_23,o,40
d101,d101_24,h,3
d101,d101_25,h,3
d101,d101_26,h,3
d101,d101_27,h,3
d101,d101_28,h,3
d101,d101_29,h,3
d101,d101_30,h,3
d101,d101_31,h,3
d101,d101_32,h,3
d101,d101_33,h,3
d101,d101_34,h,3
d101,d101_35,h,3
d101,d101_36,h,3
d101,d101_37,h,3
d101,d101_38,h,3
d102,d102_1,c,22
d102,d102_2,c,22
d102,d102_3,c,22
d102,d102_4,c,29
d102,d102_5,c,22
d102,d102_6,c,22
d102,d102_7,h,3
d102,d102_8,h,3
d102,d102_9,c,22
d102,d102_10,c,22
d102,d102_11,c,22
d102,d102_12,c,22
d102,d102_13,c,22
d102,d102_14,c,29
d102,d102_15,h,3
d102,d102_16,h,3
d102,d102_17,c,14
d102,d102_18,o,40
d102,d102_19,n,38
d102,d102_20,n,38
d102,d102_21,n,38
d102,d102_22,n,38
d102,d102_23,o,40
d102,d102_24,o,40
d102,d102_25,o,40
d102,d102_26,o,40
d102,d102_27,o,40
d102,d102_28,o,40
d102,d102_29,o,40
d102,d102_30,o,40
d103,d103_1,c,22
d103,d103_2,c,22
d103,d103_3,c,27
d103,d103_4,c,27
d103,d103_5,c,27
d103,d103_6,c,22
d103,d103_7,h,3
d103,d103_8,h,3
d103,d103_9,h,3
d103,d103_10,c,22
d103,d103_11,c,22
d103,d103_12,c,27
d103,d103_13,c,27
d103,d103_14,h,3
d103,d103_15,h,3
d103,d103_16,c,27
d103,d103_17,c,22
d103,d103_18,c,22
d103,d103_19,h,3
d103,d103_20,h,3
d103,d103_21,c,22
d103,d103_22,c,22
d103,d103_23,c,22
d103,d103_24,h,3
d103,d103_25,h,3
d103,d103_26,n,38
d103,d103_27,o,40
d103,d103_28,o,40
d104,d104_1,c,22
d104,d104_2,c,22
d104,d104_3,c,27
d104,d104_4,c,27
d104,d104_5,c,27
d104,d104_6,c,22
d104,d104_7,c,22
d104,d104_8,c,22
d104,d104_9,c,27
d104,d104_10,c,27
d104,d104_11,c,27
d104,d104_12,c,22
d104,d104_13,c,22
d104,d104_14,c,22
d104,d104_15,c,22
d104,d104_16,c,22
d104,d104_17,c,10
d104,d104_18,c,10
d104,d104_19,c,10
d104,d104_20,c,10
d104,d104_21,n,38
d104,d104_22,o,40
d104,d104_23,o,40
d104,d104_24,h,3
d104,d104_25,h,3
d104,d104_26,h,3
d104,d104_27,h,3
d104,d104_28,h,3
d104,d104_29,h,3
d104,d104_30,h,3
d104,d104_31,h,3
d104,d104_32,h,3
d104,d104_33,h,3
d104,d104_34,h,3
d104,d104_35,h,3
d104,d104_36,h,3
d104,d104_37,h,3
d104,d104_38,h,3
d105,d105_1,c,22
d105,d105_2,c,22
d105,d105_3,c,22
d105,d105_4,c,27
d105,d105_5,c,27
d105,d105_6,c,22
d105,d105_7,h,3
d105,d105_8,h,3
d105,d105_9,h,3
d105,d105_10,c,27
d105,d105_11,c,27
d105,d105_12,n,35
d105,d105_13,c,22
d105,d105_14,h,3
d105,d105_15,c,22
d105,d105_16,c,22
d105,d105_17,c,22
d105,d105_18,n,35
d105,d105_19,h,3
d105,d105_20,h,3
d105,d105_21,h,3
d105,d105_22,n,38
d105,d105_23,o,40
d105,d105_24,o,40
d107,d107_1,c,22
d107,d107_2,c,22
d107,d107_3,c,27
d107,d107_4,c,27
d107,d107_5,c,28
d107,d107_6,c,22
d107,d107_7,h,3
d107,d107_8,h,3
d107,d107_9,c,22
d107,d107_10,c,22
d107,d107_11,c,22
d107,d107_12,c,29
d107,d107_13,h,3
d107,d107_14,c,28
d107,d107_15,c,28
d107,d107_16,c,22
d107,d107_17,c,22
d107,d107_18,c,22
d107,d107_19,c,22
d107,d107_20,h,3
d107,d107_21,h,3
d107,d107_22,h,3
d107,d107_23,h,3
d107,d107_24,n,38
d107,d107_25,n,38
d107,d107_26,n,38
d107,d107_27,o,40
d107,d107_28,o,40
d107,d107_29,o,40
d107,d107_30,o,40
d107,d107_31,o,40
d107,d107_32,o,40
d108,d108_1,c,22
d108,d108_2,c,22
d108,d108_3,c,27
d108,d108_4,c,27
d108,d108_5,c,28
d108,d108_6,c,22
d108,d108_7,h,3
d108,d108_8,h,3
d108,d108_9,c,22
d108,d108_10,c,22
d108,d108_11,c,22
d108,d108_12,c,29
d108,d108_13,h,3
d108,d108_14,c,28
d108,d108_15,c,28
d108,d108_16,c,22
d108,d108_17,c,22
d108,d108_18,c,22
d108,d108_19,c,22
d108,d108_20,h,3
d108,d108_21,h,3
d108,d108_22,h,3
d108,d108_23,h,3
d108,d108_24,n,38
d108,d108_25,o,40
d108,d108_26,o,40
d108,d108_27,h,3
d108,d108_28,h,3
d109,d109_1,c,22
d109,d109_2,c,22
d109,d109_3,c,22
d109,d109_4,c,29
d109,d109_5,c,27
d109,d109_6,c,27
d109,d109_7,c,29
d109,d109_8,c,27
d109,d109_9,c,27
d109,d109_10,c,27
d109,d109_11,c,27
d109,d109_12,c,22
d109,d109_13,c,22
d109,d109_14,c,27
d109,d109_15,c,27
d109,d109_16,c,22
d109,d109_17,c,22
d109,d109_18,c,22
d109,d109_19,c,22
d109,d109_20,c,22
d109,d109_21,c,22
d109,d109_22,c,22
d109,d109_23,n,38
d109,d109_24,n,38
d109,d109_25,o,40
d109,d109_26,o,40
d109,d109_27,o,40
d109,d109_28,o,40
d109,d109_29,h,3
d109,d109_30,h,3
d109,d109_31,h,3
d109,d109_32,h,3
d109,d109_33,h,3
d109,d109_34,h,3
d109,d109_35,h,3
d109,d109_36,h,3
d109,d109_37,h,3
d109,d109_38,h,3
d11,d11_1,c,22
d11,d11_2,c,22
d11,d11_3,c,22
d11,d11_4,c,195
d11,d11_5,c,195
d11,d11_6,c,22
d11,d11_7,h,3
d11,d11_8,h,3
d11,d11_9,h,3
d11,d11_10,h,3
d11,d11_11,c,27
d11,d11_12,c,27
d11,d11_13,c,22
d11,d11_14,c,22
d11,d11_15,h,3
d11,d11_16,c,22
d11,d11_17,c,22
d11,d11_18,c,22
d11,d11_19,c,22
d11,d11_20,h,3
d11,d11_21,h,3
d11,d11_22,h,3
d11,d11_23,h,3
d11,d11_24,n,38
d11,d11_25,o,40
d11,d11_26,o,40
d110,d110_1,c,22
d110,d110_2,c,22
d110,d110_3,c,22
d110,d110_4,c,29
d110,d110_5,c,22
d110,d110_6,c,22
d110,d110_7,h,3
d110,d110_8,h,3
d110,d110_9,h,3
d110,d110_10,c,29
d110,d110_11,c,22
d110,d110_12,c,22
d110,d110_13,c,22
d110,d110_14,c,22
d110,d110_15,c,22
d110,d110_16,h,3
d110,d110_17,h,3
d110,d110_18,h,3
d110,d110_19,n,38
d110,d110_20,n,38
d110,d110_21,n,38
d110,d110_22,n,38
d110,d110_23,o,40
d110,d110_24,o,40
d110,d110_25,o,40
d110,d110_26,o,40
d110,d110_27,o,40
d110,d110_28,o,40
d110,d110_29,o,40
d110,d110_30,o,40
d111,d111_1,c,22
d111,d111_2,c,22
d111,d111_3,c,22
d111,d111_4,c,22
d111,d111_5,c,22
d111,d111_6,c,22
d111,d111_7,h,3
d111,d111_8,h,3
d111,d111_9,h,3
d111,d111_10,c,14
d111,d111_11,o,41
d111,d111_12,h,3
d111,d111_13,h,3
d111,d111_14,n,38
d111,d111_15,o,40
d111,d111_16,o,40
d112,d112_1,c,22
d112,d112_2,c,22
d112,d112_3,c,27
d112,d112_4,c,27
d112,d112_5,c,22
d112,d112_6,c,22
d112,d112_7,h,3
d112,d112_8,h,3
d112,d112_9,h,3
d112,d112_10,c,22
d112,d112_11,c,22
d112,d112_12,c,22
d112,d112_13,c,22
d112,d112_14,h,3
d112,d112_15,h,3
d112,d112_16,c,10
d112,d112_17,c,10
d112,d112_18,h,3
d112,d112_19,h,3
d112,d112_20,h,3
d112,d112_21,h,3
d112,d112_22,n,38
d112,d112_23,o,40
d112,d112_24,o,40
d113,d113_1,c,22
d113,d113_2,c,22
d113,d113_3,c,22
d113,d113_4,c,22
d113,d113_5,c,22
d113,d113_6,c,22
d113,d113_7,h,3
d113,d113_8,h,3
d113,d113_9,h,3
d113,d113_10,n,32
d113,d113_11,n,38
d113,d113_12,n,38
d113,d113_13,o,40
d113,d113_14,o,40
d113,d113_15,o,40
d113,d113_16,o,40
d113,d113_17,h,1
d113,d113_18,h,1
d114,d114_1,c,22
d114,d114_2,c,22
d114,d114_3,c,22
d114,d114_4,c,29
d114,d114_5,c,22
d114,d114_6,c,22
d114,d114_7,h,3
d114,d114_8,h,3
d114,d114_9,h,3
d114,d114_10,h,3
d114,d114_11,c,29
d114,d114_12,c,22
d114,d114_13,c,22
d114,d114_14,c,22
d114,d114_15,c,22
d114,d114_16,c,22
d114,d114_17,h,3
d114,d114_18,h,3
d114,d114_19,h,3
d114,d114_20,h,3
d114,d114_21,n,32
d114,d114_22,n,38
d114,d114_23,o,40
d114,d114_24,o,40
d114,d114_25,h,1
d114,d114_26,h,1
d116,d116_1,c,22
d116,d116_2,c,22
d116,d116_3,c,22
d116,d116_4,c,22
d116,d116_5,c,22
d116,d116_6,c,22
d116,d116_7,h,3
d116,d116_8,h,3
d116,d116_9,h,3
d116,d116_10,h,3
d116,d116_11,n,38
d116,d116_12,f,92
d116,d116_13,o,40
d116,d116_14,o,40
d117,d117_1,c,22
d117,d117_2,c,22
d117,d117_3,c,22
d117,d117_4,c,29
d117,d117_5,c,22
d117,d117_6,c,22
d117,d117_7,h,3
d117,d117_8,h,3
d117,d117_9,h,3
d117,d117_10,h,3
d117,d117_11,c,29
d117,d117_12,c,22
d117,d117_13,c,22
d117,d117_14,c,22
d117,d117_15,c,22
d117,d117_16,c,22
d117,d117_17,h,3
d117,d117_18,h,3
d117,d117_19,h,3
d117,d117_20,n,38
d117,d117_21,n,38
d117,d117_22,n,38
d117,d117_23,o,40
d117,d117_24,o,40
d117,d117_25,o,40
d117,d117_26,o,40
d117,d117_27,o,40
d117,d117_28,o,40
d118,d118_1,c,10
d118,d118_2,c,10
d118,d118_3,c,22
d118,d118_4,c,22
d118,d118_5,c,10
d118,d118_6,c,10
d118,d118_7,c,22
d118,d118_8,c,27
d118,d118_9,c,27
d118,d118_10,c,27
d118,d118_11,c,22
d118,d118_12,c,22
d118,d118_13,c,27
d118,d118_14,c,27
d118,d118_15,c,27
d118,d118_16,c,22
d118,d118_17,c,22
d118,d118_18,c,22
d118,d118_19,c,22
d118,d118_20,c,22
d118,d118_21,n,38
d118,d118_22,o,40
d118,d118_23,o,40
d118,d118_24,h,3
d118,d118_25,h,3
d118,d118_26,h,3
d118,d118_27,h,3
d118,d118_28,h,3
d118,d118_29,h,3
d118,d118_30,h,3
d118,d118_31,h,3
d118,d118_32,h,3
d118,d118_33,h,3
d118,d118_34,h,3
d118,d118_35,h,3
d118,d118_36,h,3
d118,d118_37,h,3
d118,d118_38,h,3
d119,d119_1,c,22
d119,d119_2,c,22
d119,d119_3,c,22
d119,d119_4,c,29
d119,d119_5,c,22
d119,d119_6,c,22
d119,d119_7,h,3
d119,d119_8,h,3
d119,d119_9,h,3
d119,d119_10,h,3
d119,d119_11,c,29
d119,d119_12,c,22
d119,d119_13,c,22
d119,d119_14,c,22
d119,d119_15,c,22
d119,d119_16,c,22
d119,d119_17,h,3
d119,d119_18,h,3
d119,d119_19,h,3
d119,d119_20,n,38
d119,d119_21,n,38
d119,d119_22,n,38
d119,d119_23,o,40
d119,d119_24,o,40
d119,d119_25,o,40
d119,d119_26,o,40
d119,d119_27,o,40
d119,d119_28,o,40
d12,d12_1,c,22
d12,d12_2,c,22
d12,d12_3,c,27
d12,d12_4,c,27
d12,d12_5,c,27
d12,d12_6,c,22
d12,d12_7,h,3
d12,d12_8,h,3
d12,d12_9,c,27
d12,d12_10,c,27
d12,d12_11,c,22
d12,d12_12,c,22
d12,d12_13,h,3
d12,d12_14,h,3
d12,d12_15,c,22
d12,d12_16,c,22
d12,d12_17,c,27
d12,d12_18,h,3
d12,d12_19,h,3
d12,d12_20,c,22
d12,d12_21,c,22
d12,d12_22,c,22
d12,d12_23,h,3
d12,d12_24,h,3
d12,d12_25,n,38
d12,d12_26,o,40
d12,d12_27,o,40
d12,d12_28,n,32
d12,d12_29,h,1
d12,d12_30,h,1
d121,d121_1,c,22
d121,d121_2,c,22
d121,d121_3,c,27
d121,d121_4,c,27
d121,d121_5,c,28
d121,d121_6,c,22
d121,d121_7,h,3
d121,d121_8,h,3
d121,d121_9,c,22
d121,d121_10,c,22
d121,d121_11,c,22
d121,d121_12,c,29
d121,d121_13,h,3
d121,d121_14,c,28
d121,d121_15,c,28
d121,d121_16,c,22
d121,d121_17,c,22
d121,d121_18,c,22
d121,d121_19,c,22
d121,d121_20,h,3
d121,d121_21,h,3
d121,d121_22,h,3
d121,d121_23,h,3
d121,d121_24,n,38
d121,d121_25,n,38
d121,d121_26,n,38
d121,d121_27,o,40
d121,d121_28,o,40
d121,d121_29,o,40
d121,d121_30,o,40
d121,d121_31,o,40
d121,d121_32,o,40
d122,d122_1,c,22
d122,d122_2,c,22
d122,d122_3,c,27
d122,d122_4,c,27
d122,d122_5,c,22
d122,d122_6,c,22
d122,d122_7,h,3
d122,d122_8,h,3
d122,d122_9,h,3
d122,d122_10,h,3
d122,d122_11,c,22
d122,d122_12,c,22
d122,d122_13,c,195
d122,d122_14,c,195
d122,d122_15,h,3
d122,d122_16,c,27
d122,d122_17,c,27
d122,d122_18,c,22
d122,d122_19,c,22
d122,d122_20,h,3
d122,d122_21,h,3
d122,d122_22,c,22
d122,d122_23,c,22
d122,d122_24,c,22
d122,d122_25,c,22
d122,d122_26,h,3
d122,d122_27,h,3
d122,d122_28,h,3
d122,d122_29,h,3
d122,d122_30,n,38
d122,d122_31,o,40
d122,d122_32,o,40
d124,d124_1,c,22
d124,d124_2,c,22
d124,d124_3,c,22
d124,d124_4,c,22
d124,d124_5,c,22
d124,d124_6,c,22
d124,d124_7,h,3
d124,d124_8,h,3
d124,d124_9,h,3
d124,d124_10,n,38
d124,d124_11,f,92
d124,d124_12,f,92
d124,d124_13,o,40
d124,d124_14,o,40
d125,d125_1,c,22
d125,d125_2,c,22
d125,d125_3,c,22
d125,d125_4,c,195
d125,d125_5,c,195
d125,d125_6,c,22
d125,d125_7,c,10
d125,d125_8,c,10
d125,d125_9,c,22
d125,d125_10,c,27
d125,d125_11,c,27
d125,d125_12,c,22
d125,d125_13,c,22
d125,d125_14,c,22
d125,d125_15,c,22
d125,d125_16,c,22
d125,d125_17,n,38
d125,d125_18,h,3
d125,d125_19,h,3
d125,d125_20,h,3
d125,d125_21,h,3
d125,d125_22,h,3
d125,d125_23,h,3
d125,d125_24,h,3
d125,d125_25,h,3
d125,d125_26,h,3
d125,d125_27,h,3
d125,d125_28,h,3
d125,d125_29,o,40
d125,d125_30,o,40
d126,d126_1,c,22
d126,d126_2,c,22
d126,d126_3,c,22
d126,d126_4,c,22
d126,d126_5,c,22
d126,d126_6,c,22
d126,d126_7,h,3
d126,d126_8,h,3
d126,d126_9,h,3
d126,d126_10,n,32
d126,d126_11,c,22
d126,d126_12,c,22
d126,d126_13,n,32
d126,d126_14,c,22
d126,d126_15,c,22
d126,d126_16,c,22
d126,d126_17,c,22
d126,d126_18,h,3
d126,d126_19,h,3
d126,d126_20,h,3
d126,d126_21,h,1
d126,d126_22,h,1
d126,d126_23,n,38
d126,d126_24,n,38
d126,d126_25,o,40
d126,d126_26,o,40
d126,d126_27,o,40
d126,d126_28,o,40
d127,d127_1,c,22
d127,d127_2,c,22
d127,d127_3,c,22
d127,d127_4,c,29
d127,d127_5,c,22
d127,d127_6,c,22
d127,d127_7,h,3
d127,d127_8,h,3
d127,d127_9,h,3
d127,d127_10,h,3
d127,d127_11,c,29
d127,d127_12,c,22
d127,d127_13,c,22
d127,d127_14,c,22
d127,d127_15,c,22
d127,d127_16,c,22
d127,d127_17,h,3
d127,d127_18,h,3
d127,d127_19,h,3
d127,d127_20,n,38
d127,d127_21,n,38
d127,d127_22,n,38
d127,d127_23,o,40
d127,d127_24,o,40
d127,d127_25,o,40
d127,d127_26,o,40
d127,d127_27,o,40
d127,d127_28,o,40
d129,d129_1,c,22
d129,d129_2,c,22
d129,d129_3,c,22
d129,d129_4,c,22
d129,d129_5,c,22
d129,d129_6,c,22
d129,d129_7,h,3
d129,d129_8,h,3
d129,d129_9,h,3
d129,d129_10,n,32
d129,d129_11,n,36
d129,d129_12,h,1
d129,d129_13,h,1
d129,d129_14,h,1
d129,d129_15,n,38
d129,d129_16,n,38
d129,d129_17,o,40
d129,d129_18,o,40
d129,d129_19,o,40
d129,d129_20,o,40
d130,d130_1,c,22
d130,d130_2,c,22
d130,d130_3,c,22
d130,d130_4,c,22
d130,d130_5,c,22
d130,d130_6,c,22
d130,d130_7,h,3
d130,d130_8,h,3
d130,d130_9,h,3
d130,d130_10,h,3
d130,d130_11,o,50
d130,d130_12,c,10
d130,d130_13,h,3
d130,d130_14,h,3
d130,d130_15,h,3
d130,d130_16,n,38
d130,d130_17,o,40
d130,d130_18,o,40
d131,d131_1,c,22
d131,d131_2,c,22
d131,d131_3,c,22
d131,d131_4,c,22
d131,d131_5,c,22
d131,d131_6,c,22
d131,d131_7,h,3
d131,d131_8,h,3
d131,d131_9,h,3
d131,d131_10,h,3
d131,d131_11,c,16
d131,d131_12,c,16
d131,d131_13,h,3
d131,d131_14,o,50
d131,d131_15,h,3
d131,d131_16,c,22
d131,d131_17,c,22
d131,d131_18,c,22
d131,d131_19,c,22
d131,d131_20,c,22
d131,d131_21,c,22
d131,d131_22,h,3
d131,d131_23,h,3
d131,d131_24,h,3
d131,d131_25,h,3
d131,d131_26,h,3
d131,d131_27,n,38
d131,d131_28,o,40
d131,d131_29,o,40
d132,d132_1,c,22
d132,d132_2,c,22
d132,d132_3,c,22
d132,d132_4,c,22
d132,d132_5,c,22
d132,d132_6,c,22
d132,d132_7,h,3
d132,d132_8,h,3
d132,d132_9,h,3
d132,d132_10,h,3
d132,d132_11,c,14
d132,d132_12,o,41
d132,d132_13,h,3
d132,d132_14,n,38
d132,d132_15,o,40
d132,d132_16,o,40
d133,d133_1,c,22
d133,d133_2,c,22
d133,d133_3,c,22
d133,d133_4,c,22
d133,d133_5,c,22
d133,d133_6,c,22
d133,d133_7,h,3
d133,d133_8,h,3
d133,d133_9,o,50
d133,d133_10,c,22
d133,d133_11,c,22
d133,d133_12,o,50
d133,d133_13,c,22
d133,d133_14,c,22
d133,d133_15,c,22
d133,d133_16,c,22
d133,d133_17,h,3
d133,d133_18,n,38
d133,d133_19,cl,93
d133,d133_20,cl,93
d133,d133_21,cl,93
d133,d133_22,cl,93
d133,d133_23,o,40
d133,d133_24,o,40
d134,d134_1,c,22
d134,d134_2,c,22
d134,d134_3,c,22
d134,d134_4,c,195
d134,d134_5,c,195
d134,d134_6,c,22
d134,d134_7,c,10
d134,d134_8,c,10
d134,d134_9,c,22
d134,d134_10,c,27
d134,d134_11,c,27
d134,d134_12,c,22
d134,d134_13,c,22
d134,d134_14,c,22
d134,d134_15,c,22
d134,d134_16,c,22
d134,d134_17,h,3
d134,d134_18,h,3
d134,d134_19,h,3
d134,d134_20,h,3
d134,d134_21,h,3
d134,d134_22,h,3
d134,d134_23,h,3
d134,d134_24,h,3
d134,d134_25,h,3
d134,d134_26,h,3
d134,d134_27,n,38
d134,d134_28,n,38
d134,d134_29,o,40
d134,d134_30,o,40
d134,d134_31,o,40
d134,d134_32,o,40
d135,d135_1,c,22
d135,d135_2,c,22
d135,d135_3,c,22
d135,d135_4,c,22
d135,d135_5,c,22
d135,d135_6,c,22
d135,d135_7,h,3
d135,d135_8,h,3
d135,d135_9,h,3
d135,d135_10,n,38
d135,d135_11,o,40
d135,d135_12,o,40
d135,d135_13,cl,93
d135,d135_14,f,92
d136,d136_1,c,22
d136,d136_2,c,22
d136,d136_3,c,27
d136,d136_4,c,27
d136,d136_5,c,27
d136,d136_6,c,22
d136,d136_7,h,3
d136,d136_8,h,3
d136,d136_9,h,3
d136,d136_10,c,22
d136,d136_11,c,22
d136,d136_12,c,27
d136,d136_13,c,27
d136,d136_14,h,3
d136,d136_15,h,3
d136,d136_16,c,27
d136,d136_17,c,22
d136,d136_18,c,22
d136,d136_19,h,3
d136,d136_20,h,3
d136,d136_21,c,22
d136,d136_22,c,22
d136,d136_23,c,22
d136,d136_24,h,3
d136,d136_25,o,45
d136,d136_26,n,38
d136,d136_27,o,40
d136,d136_28,o,40
d136,d136_29,h,8
d138,d138_1,c,22
d138,d138_2,c,22
d138,d138_3,c,26
d138,d138_4,c,26
d138,d138_5,c,22
d138,d138_6,c,22
d138,d138_7,n,34
d138,d138_8,n,34
d138,d138_9,c,21
d138,d138_10,c,10
d138,d138_11,n,38
d138,d138_12,o,40
d138,d138_13,o,40
d138,d138_14,h,3
d138,d138_15,h,3
d138,d138_16,h,3
d138,d138_17,h,3
d138,d138_18,h,3
d138,d138_19,h,3
d138,d138_20,h,3
d138,d138_21,h,1
d14,d14_1,c,22
d14,d14_2,c,22
d14,d14_3,c,26
d14,d14_4,c,26
d14,d14_5,c,22
d14,d14_6,c,22
d14,d14_7,c,21
d14,d14_8,n,34
d14,d14_9,n,34
d14,d14_10,c,10
d14,d14_11,n,38
d14,d14_12,o,40
d14,d14_13,o,40
d14,d14_14,h,3
d14,d14_15,h,3
d14,d14_16,h,3
d14,d14_17,h,3
d14,d14_18,h,3
d14,d14_19,h,3
d14,d14_20,h,3
d142,d142_1,c,22
d142,d142_2,c,22
d142,d142_3,c,22
d142,d142_4,c,22
d142,d142_5,c,22
d142,d142_6,c,22
d142,d142_7,h,3
d142,d142_8,h,3
d142,d142_9,o,50
d142,d142_10,c,22
d142,d142_11,c,22
d142,d142_12,o,50
d142,d142_13,c,22
d142,d142_14,c,22
d142,d142_15,c,22
d142,d142_16,c,22
d142,d142_17,h,3
d142,d142_18,h,3
d142,d142_19,n,38
d142,d142_20,o,40
d142,d142_21,o,40
d142,d142_22,cl,93
d142,d142_23,cl,93
d142,d142_24,cl,93
d143,d143_1,c,22
d143,d143_2,c,22
d143,d143_3,c,22
d143,d143_4,c,22
d143,d143_5,c,22
d143,d143_6,c,22
d143,d143_7,h,3
d143,d143_8,h,3
d143,d143_9,h,3
d143,d143_10,h,3
d143,d143_11,o,50
d143,d143_12,c,22
d143,d143_13,c,22
d143,d143_14,c,22
d143,d143_15,c,22
d143,d143_16,c,22
d143,d143_17,c,22
d143,d143_18,h,3
d143,d143_19,h,3
d143,d143_20,h,3
d143,d143_21,h,3
d143,d143_22,h,3
d143,d143_23,n,38
d143,d143_24,o,40
d143,d143_25,o,40
d144,d144_1,c,22
d144,d144_2,c,22
d144,d144_3,c,22
d144,d144_4,c,22
d144,d144_5,c,22
d144,d144_6,c,22
d144,d144_7,h,3
d144,d144_8,h,3
d144,d144_9,h,3
d144,d144_10,n,38
d144,d144_11,cl,93
d144,d144_12,cl,93
d144,d144_13,o,40
d144,d144_14,o,40
d146,d146_1,c,22
d146,d146_2,c,22
d146,d146_3,c,22
d146,d146_4,c,29
d146,d146_5,c,22
d146,d146_6,c,22
d146,d146_7,h,3
d146,d146_8,h,3
d146,d146_9,h,3
d146,d146_10,h,3
d146,d146_11,c,29
d146,d146_12,c,22
d146,d146_13,c,22
d146,d146_14,c,22
d146,d146_15,c,22
d146,d146_16,c,22
d146,d146_17,h,3
d146,d146_18,h,3
d146,d146_19,h,3
d146,d146_20,n,38
d146,d146_21,o,40
d146,d146_22,o,40
d146,d146_23,h,3
d146,d146_24,n,32
d146,d146_25,h,1
d146,d146_26,h,1
d147,d147_1,c,22
d147,d147_2,c,22
d147,d147_3,c,26
d147,d147_4,c,26
d147,d147_5,c,22
d147,d147_6,c,22
d147,d147_7,n,34
d147,d147_8,c,21
d147,d147_9,n,34
d147,d147_10,c,10
d147,d147_11,n,38
d147,d147_12,o,40
d147,d147_13,o,40
d147,d147_14,h,3
d147,d147_15,h,3
d147,d147_16,h,3
d147,d147_17,h,3
d147,d147_18,h,3
d147,d147_19,h,3
d148,d148_1,c,22
d148,d148_2,c,22
d148,d148_3,c,27
d148,d148_4,c,27
d148,d148_5,c,26
d148,d148_6,c,22
d148,d148_7,c,22
d148,d148_8,c,22
d148,d148_9,c,22
d148,d148_10,c,26
d148,d148_11,c,21
d148,d148_12,c,21
d148,d148_13,h,3
d148,d148_14,h,3
d148,d148_15,h,3
d148,d148_16,h,3
d148,d148_17,h,3
d148,d148_18,h,3
d148,d148_19,h,3
d148,d148_20,n,38
d148,d148_21,o,40
d148,d148_22,o,40
d149,d149_1,c,22
d149,d149_2,c,22
d149,d149_3,c,22
d149,d149_4,c,22
d149,d149_5,c,22
d149,d149_6,c,22
d149,d149_7,h,3
d149,d149_8,h,3
d149,d149_9,h,3
d149,d149_10,n,32
d149,d149_11,c,22
d149,d149_12,c,22
d149,d149_13,n,32
d149,d149_14,c,22
d149,d149_15,c,22
d149,d149_16,c,22
d149,d149_17,c,22
d149,d149_18,h,3
d149,d149_19,h,3
d149,d149_20,h,3
d149,d149_21,h,1
d149,d149_22,h,1
d149,d149_23,n,38
d149,d149_24,n,38
d149,d149_25,o,40
d149,d149_26,o,40
d149,d149_27,o,40
d149,d149_28,o,40
d15,d15_1,c,22
d15,d15_2,c,22
d15,d15_3,c,27
d15,d15_4,c,27
d15,d15_5,c,27
d15,d15_6,c,22
d15,d15_7,h,3
d15,d15_8,h,3
d15,d15_9,h,3
d15,d15_10,c,27
d15,d15_11,c,27
d15,d15_12,c,22
d15,d15_13,c,22
d15,d15_14,h,3
d15,d15_15,h,3
d15,d15_16,c,22
d15,d15_17,c,22
d15,d15_18,c,27
d15,d15_19,h,3
d15,d15_20,h,3
d15,d15_21,c,22
d15,d15_22,c,22
d15,d15_23,c,22
d15,d15_24,h,3
d15,d15_25,h,3
d15,d15_26,n,38
d15,d15_27,o,40
d15,d15_28,o,40
d150,d150_1,c,21
d150,d150_2,c,21
d150,d150_3,n,34
d150,d150_4,c,21
d150,d150_5,n,34
d150,d150_6,n,38
d150,d150_7,o,40
d150,d150_8,o,40
d150,d150_9,c,10
d150,d150_10,c,10
d150,d150_11,o,45
d150,d150_12,c,10
d150,d150_13,h,3
d150,d150_14,h,3
d150,d150_15,h,3
d150,d150_16,h,3
d150,d150_17,h,3
d150,d150_18,h,8
d150,d150_19,h,3
d150,d150_20,h,3
d150,d150_21,h,3
d151,d151_1,c,22
d151,d151_2,c,22
d151,d151_3,c,26
d151,d151_4,c,26
d151,d151_5,c,22
d151,d151_6,c,22
d151,d151_7,n,34
d151,d151_8,n,34
d151,d151_9,c,21
d151,d151_10,n,38
d151,d151_11,o,40
d151,d151_12,o,40
d151,d151_13,h,3
d151,d151_14,h,3
d151,d151_15,h,3
d151,d151_16,h,3
d151,d151_17,h,1
d152,d152_1,c,22
d152,d152_2,c,22
d152,d152_3,c,27
d152,d152_4,c,27
d152,d152_5,c,28
d152,d152_6,c,22
d152,d152_7,h,3
d152,d152_8,h,3
d152,d152_9,c,22
d152,d152_10,c,22
d152,d152_11,c,22
d152,d152_12,c,29
d152,d152_13,h,3
d152,d152_14,h,3
d152,d152_15,c,28
d152,d152_16,c,28
d152,d152_17,c,22
d152,d152_18,c,22
d152,d152_19,c,22
d152,d152_20,c,22
d152,d152_21,h,3
d152,d152_22,h,3
d152,d152_23,h,3
d152,d152_24,h,3
d152,d152_25,n,38
d152,d152_26,n,38
d152,d152_27,o,40
d152,d152_28,o,40
d152,d152_29,o,40
d152,d152_30,o,40
d153,d153_1,c,22
d153,d153_2,c,22
d153,d153_3,c,27
d153,d153_4,c,27
d153,d153_5,c,22
d153,d153_6,c,22
d153,d153_7,h,3
d153,d153_8,h,3
d153,d153_9,h,3
d153,d153_10,c,22
d153,d153_11,c,22
d153,d153_12,c,22
d153,d153_13,c,22
d153,d153_14,h,3
d153,d153_15,h,3
d153,d153_16,c,10
d153,d153_17,c,10
d153,d153_18,h,3
d153,d153_19,h,3
d153,d153_20,h,3
d153,d153_21,h,3
d153,d153_22,n,38
d153,d153_23,o,40
d153,d153_24,o,40
d155,d155_1,c,22
d155,d155_2,c,22
d155,d155_3,c,22
d155,d155_4,c,22
d155,d155_5,c,22
d155,d155_6,c,22
d155,d155_7,h,3
d155,d155_8,h,3
d155,d155_9,h,3
d155,d155_10,o,50
d155,d155_11,c,10
d155,d155_12,h,3
d155,d155_13,h,3
d155,d155_14,h,3
d155,d155_15,n,38
d155,d155_16,n,38
d155,d155_17,o,40
d155,d155_18,o,40
d155,d155_19,o,40
d155,d155_20,o,40
d156,d156_1,c,22
d156,d156_2,c,22
d156,d156_3,c,22
d156,d156_4,c,22
d156,d156_5,c,22
d156,d156_6,c,22
d156,d156_7,h,3
d156,d156_8,h,3
d156,d156_9,h,3
d156,d156_10,n,32
d156,d156_11,c,10
d156,d156_12,c,10
d156,d156_13,h,1
d156,d156_14,h,3
d156,d156_15,h,3
d156,d156_16,h,3
d156,d156_17,h,3
d156,d156_18,n,38
d156,d156_19,o,40
d156,d156_20,o,40
d157,d157_1,c,16
d157,d157_2,c,10
d157,d157_3,c,22
d157,d157_4,c,27
d157,d157_5,c,22
d157,d157_6,c,16
d157,d157_7,c,22
d157,d157_8,c,22
d157,d157_9,c,27
d157,d157_10,c,27
d157,d157_11,c,27
d157,d157_12,c,22
d157,d157_13,c,22
d157,d157_14,c,22
d157,d157_15,c,22
d157,d157_16,c,22
d157,d157_17,h,3
d157,d157_18,h,3
d157,d157_19,h,3
d157,d157_20,h,3
d157,d157_21,h,3
d157,d157_22,h,3
d157,d157_23,h,3
d157,d157_24,h,3
d157,d157_25,h,3
d157,d157_26,h,3
d157,d157_27,n,38
d157,d157_28,o,40
d157,d157_29,o,40
d158,d158_1,c,22
d158,d158_2,c,22
d158,d158_3,c,22
d158,d158_4,c,29
d158,d158_5,c,22
d158,d158_6,c,22
d158,d158_7,h,3
d158,d158_8,h,3
d158,d158_9,h,3
d158,d158_10,c,22
d158,d158_11,c,22
d158,d158_12,c,22
d158,d158_13,c,22
d158,d158_14,c,22
d158,d158_15,c,29
d158,d158_16,h,3
d158,d158_17,h,3
d158,d158_18,h,3
d158,d158_19,c,10
d158,d158_20,h,3
d158,d158_21,h,3
d158,d158_22,n,38
d158,d158_23,o,40
d158,d158_24,o,40
d158,d158_25,n,32
d158,d158_26,c,14
d158,d158_27,c,10
d158,d158_28,h,1
d158,d158_29,o,40
d158,d158_30,h,3
d158,d158_31,h,3
d158,d158_32,h,3
d159,d159_1,c,16
d159,d159_2,c,16
d159,d159_3,c,22
d159,d159_4,c,27
d159,d159_5,c,22
d159,d159_6,c,10
d159,d159_7,c,22
d159,d159_8,c,22
d159,d159_9,c,27
d159,d159_10,c,27
d159,d159_11,c,27
d159,d159_12,c,22
d159,d159_13,c,22
d159,d159_14,c,22
d159,d159_15,c,22
d159,d159_16,c,22
d159,d159_17,h,3
d159,d159_18,h,3
d159,d159_19,h,3
d159,d159_20,h,3
d159,d159_21,h,3
d159,d159_22,h,3
d159,d159_23,h,3
d159,d159_24,h,3
d159,d159_25,h,3
d159,d159_26,h,3
d159,d159_27,n,38
d159,d159_28,o,40
d159,d159_29,o,40
d16,d16_1,c,22
d16,d16_2,c,22
d16,d16_3,c,27
d16,d16_4,c,27
d16,d16_5,c,28
d16,d16_6,c,22
d16,d16_7,c,22
d16,d16_8,c,22
d16,d16_9,c,22
d16,d16_10,c,29
d16,d16_11,c,28
d16,d16_12,c,28
d16,d16_13,c,22
d16,d16_14,c,22
d16,d16_15,c,22
d16,d16_16,c,22
d16,d16_17,n,38
d16,d16_18,n,38
d16,d16_19,o,40
d16,d16_20,o,40
d16,d16_21,o,40
d16,d16_22,o,40
d16,d16_23,h,3
d16,d16_24,h,3
d16,d16_25,h,3
d16,d16_26,h,3
d16,d16_27,h,3
d16,d16_28,h,3
d16,d16_29,h,3
d16,d16_30,h,3
d160,d160_1,c,22
d160,d160_2,c,22
d160,d160_3,c,22
d160,d160_4,c,22
d160,d160_5,c,22
d160,d160_6,c,22
d160,d160_7,h,3
d160,d160_8,h,3
d160,d160_9,n,32
d160,d160_10,h,1
d160,d160_11,h,1
d160,d160_12,br,94
d160,d160_13,n,38
d160,d160_14,n,38
d160,d160_15,o,40
d160,d160_16,o,40
d160,d160_17,o,40
d160,d160_18,o,40
d161,d161_1,c,22
d161,d161_2,c,22
d161,d161_3,c,27
d161,d161_4,c,195
d161,d161_5,c,195
d161,d161_6,c,22
d161,d161_7,h,3
d161,d161_8,h,3
d161,d161_9,c,22
d161,d161_10,c,22
d161,d161_11,c,27
d161,d161_12,c,195
d161,d161_13,h,3
d161,d161_14,h,3
d161,d161_15,c,195
d161,d161_16,c,27
d161,d161_17,c,27
d161,d161_18,c,22
d161,d161_19,c,22
d161,d161_20,c,22
d161,d161_21,h,3
d161,d161_22,h,3
d161,d161_23,c,22
d161,d161_24,c,22
d161,d161_25,c,22
d161,d161_26,c,22
d161,d161_27,h,3
d161,d161_28,h,3
d161,d161_29,h,3
d161,d161_30,h,3
d161,d161_31,n,38
d161,d161_32,n,38
d161,d161_33,o,40
d161,d161_34,o,40
d161,d161_35,o,40
d161,d161_36,o,40
d162,d162_1,c,22
d162,d162_2,c,22
d162,d162_3,c,22
d162,d162_4,c,29
d162,d162_5,c,22
d162,d162_6,c,22
d162,d162_7,h,3
d162,d162_8,h,3
d162,d162_9,h,3
d162,d162_10,c,29
d162,d162_11,c,22
d162,d162_12,c,22
d162,d162_13,c,22
d162,d162_14,c,22
d162,d162_15,c,22
d162,d162_16,h,3
d162,d162_17,h,3
d162,d162_18,h,3
d162,d162_19,n,38
d162,d162_20,n,38
d162,d162_21,n,38
d162,d162_22,n,38
d162,d162_23,o,40
d162,d162_24,o,40
d162,d162_25,o,40
d162,d162_26,o,40
d162,d162_27,o,40
d162,d162_28,o,40
d162,d162_29,o,40
d162,d162_30,o,40
d163,d163_1,c,22
d163,d163_2,c,22
d163,d163_3,c,27
d163,d163_4,c,27
d163,d163_5,c,27
d163,d163_6,c,22
d163,d163_7,h,3
d163,d163_8,h,3
d163,d163_9,c,22
d163,d163_10,c,22
d163,d163_11,c,27
d163,d163_12,c,27
d163,d163_13,h,3
d163,d163_14,h,3
d163,d163_15,c,27
d163,d163_16,c,22
d163,d163_17,c,22
d163,d163_18,h,3
d163,d163_19,h,3
d163,d163_20,c,22
d163,d163_21,c,22
d163,d163_22,c,22
d163,d163_23,h,3
d163,d163_24,h,3
d163,d163_25,n,38
d163,d163_26,n,38
d163,d163_27,o,40
d163,d163_28,o,40
d163,d163_29,o,40
d163,d163_30,o,40
d164,d164_1,c,22
d164,d164_2,c,22
d164,d164_3,c,27
d164,d164_4,c,27
d164,d164_5,c,27
d164,d164_6,c,22
d164,d164_7,h,3
d164,d164_8,h,3
d164,d164_9,c,22
d164,d164_10,c,22
d164,d164_11,c,27
d164,d164_12,c,27
d164,d164_13,h,3
d164,d164_14,h,3
d164,d164_15,c,27
d164,d164_16,c,22
d164,d164_17,c,22
d164,d164_18,h,3
d164,d164_19,h,3
d164,d164_20,c,22
d164,d164_21,c,22
d164,d164_22,c,22
d164,d164_23,h,3
d164,d164_24,h,3
d164,d164_25,n,38
d164,d164_26,n,38
d164,d164_27,o,40
d164,d164_28,o,40
d164,d164_29,o,40
d164,d164_30,o,40
d166,d166_1,c,22
d166,d166_2,c,22
d166,d166_3,c,27
d166,d166_4,c,27
d166,d166_5,c,27
d166,d166_6,c,22
d166,d166_7,h,3
d166,d166_8,h,3
d166,d166_9,h,3
d166,d166_10,c,22
d166,d166_11,c,22
d166,d166_12,c,27
d166,d166_13,c,27
d166,d166_14,h,3
d166,d166_15,h,3
d166,d166_16,c,27
d166,d166_17,c,22
d166,d166_18,c,22
d166,d166_19,h,3
d166,d166_20,h,3
d166,d166_21,c,22
d166,d166_22,c,22
d166,d166_23,c,22
d166,d166_24,h,3
d166,d166_25,n,38
d166,d166_26,o,40
d166,d166_27,o,40
d166,d166_28,o,49
d166,d166_29,c,14
d166,d166_30,o,51
d166,d166_31,c,10
d166,d166_32,h,3
d166,d166_33,h,3
d166,d166_34,h,3
d167,d167_1,c,22
d167,d167_2,c,22
d167,d167_3,c,27
d167,d167_4,c,27
d167,d167_5,c,27
d167,d167_6,c,22
d167,d167_7,h,3
d167,d167_8,h,3
d167,d167_9,c,22
d167,d167_10,c,22
d167,d167_11,c,27
d167,d167_12,c,27
d167,d167_13,h,3
d167,d167_14,h,3
d167,d167_15,c,27
d167,d167_16,c,22
d167,d167_17,c,22
d167,d167_18,h,3
d167,d167_19,h,3
d167,d167_20,c,22
d167,d167_21,c,22
d167,d167_22,c,22
d167,d167_23,h,3
d167,d167_24,h,3
d167,d167_25,n,38
d167,d167_26,n,38
d167,d167_27,o,40
d167,d167_28,o,40
d167,d167_29,o,40
d167,d167_30,o,40
d168,d168_1,c,22
d168,d168_2,c,22
d168,d168_3,c,22
d168,d168_4,c,22
d168,d168_5,c,22
d168,d168_6,c,22
d168,d168_7,h,3
d168,d168_8,h,3
d168,d168_9,h,3
d168,d168_10,h,3
d168,d168_11,o,50
d168,d168_12,c,10
d168,d168_13,h,3
d168,d168_14,h,3
d168,d168_15,h,3
d168,d168_16,n,38
d168,d168_17,o,40
d168,d168_18,o,40
d169,d169_1,c,22
d169,d169_2,c,22
d169,d169_3,c,22
d169,d169_4,c,22
d169,d169_5,c,22
d169,d169_6,c,22
d169,d169_7,h,3
d169,d169_8,h,3
d169,d169_9,h,3
d169,d169_10,f,92
d169,d169_11,n,38
d169,d169_12,n,38
d169,d169_13,o,40
d169,d169_14,o,40
d169,d169_15,o,40
d169,d169_16,o,40
d17,d17_1,c,22
d17,d17_2,c,22
d17,d17_3,c,22
d17,d17_4,c,22
d17,d17_5,c,22
d17,d17_6,c,22
d17,d17_7,h,3
d17,d17_8,h,3
d17,d17_9,h,3
d17,d17_10,n,38
d17,d17_11,o,40
d17,d17_12,o,40
d17,d17_13,n,32
d17,d17_14,n,32
d17,d17_15,h,1
d17,d17_16,h,1
d17,d17_17,h,1
d17,d17_18,h,1
d170,d170_1,c,22
d170,d170_2,c,22
d170,d170_3,c,22
d170,d170_4,c,22
d170,d170_5,c,22
d170,d170_6,c,22
d170,d170_7,h,3
d170,d170_8,h,3
d170,d170_9,h,3
d170,d170_10,h,3
d170,d170_11,n,32
d170,d170_12,c,22
d170,d170_13,c,22
d170,d170_14,n,32
d170,d170_15,c,22
d170,d170_16,c,22
d170,d170_17,c,22
d170,d170_18,c,22
d170,d170_19,h,3
d170,d170_20,h,3
d170,d170_21,h,3
d170,d170_22,h,1
d170,d170_23,h,1
d170,d170_24,n,38
d170,d170_25,o,40
d170,d170_26,o,40
d171,d171_1,c,22
d171,d171_2,c,22
d171,d171_3,c,22
d171,d171_4,c,29
d171,d171_5,c,22
d171,d171_6,c,22
d171,d171_7,h,3
d171,d171_8,h,3
d171,d171_9,h,3
d171,d171_10,c,29
d171,d171_11,c,22
d171,d171_12,c,22
d171,d171_13,c,22
d171,d171_14,c,22
d171,d171_15,c,22
d171,d171_16,h,3
d171,d171_17,h,3
d171,d171_18,h,3
d171,d171_19,n,38
d171,d171_20,n,38
d171,d171_21,n,38
d171,d171_22,n,38
d171,d171_23,o,40
d171,d171_24,o,40
d171,d171_25,o,40
d171,d171_26,o,40
d171,d171_27,o,40
d171,d171_28,o,40
d171,d171_29,o,40
d171,d171_30,o,40
d172,d172_1,c,22
d172,d172_2,c,22
d172,d172_3,c,26
d172,d172_4,c,26
d172,d172_5,c,22
d172,d172_6,c,22
d172,d172_7,n,34
d172,d172_8,n,34
d172,d172_9,c,21
d172,d172_10,n,38
d172,d172_11,o,40
d172,d172_12,o,40
d172,d172_13,h,1
d172,d172_14,h,3
d172,d172_15,h,3
d172,d172_16,h,3
d172,d172_17,h,3
d174,d174_1,c,22
d174,d174_2,c,22
d174,d174_3,c,27
d174,d174_4,c,27
d174,d174_5,c,28
d174,d174_6,c,22
d174,d174_7,h,3
d174,d174_8,h,3
d174,d174_9,h,3
d174,d174_10,c,22
d174,d174_11,c,22
d174,d174_12,c,22
d174,d174_13,c,29
d174,d174_14,h,3
d174,d174_15,h,3
d174,d174_16,c,28
d174,d174_17,c,28
d174,d174_18,c,22
d174,d174_19,c,22
d174,d174_20,c,22
d174,d174_21,c,22
d174,d174_22,h,3
d174,d174_23,h,3
d174,d174_24,h,3
d174,d174_25,n,38
d174,d174_26,n,38
d174,d174_27,o,40
d174,d174_28,o,40
d174,d174_29,o,40
d174,d174_30,o,40
d175,d175_1,c,22
d175,d175_2,c,22
d175,d175_3,c,22
d175,d175_4,c,22
d175,d175_5,c,22
d175,d175_6,c,22
d175,d175_7,h,3
d175,d175_8,h,3
d175,d175_9,o,50
d175,d175_10,c,22
d175,d175_11,c,22
d175,d175_12,o,50
d175,d175_13,c,22
d175,d175_14,c,22
d175,d175_15,c,22
d175,d175_16,c,22
d175,d175_17,n,38
d175,d175_18,o,40
d175,d175_19,o,40
d175,d175_20,cl,93
d175,d175_21,cl,93
d175,d175_22,cl,93
d175,d175_23,cl,93
d175,d175_24,cl,93
d176,d176_1,c,22
d176,d176_2,c,22
d176,d176_3,c,22
d176,d176_4,c,22
d176,d176_5,c,22
d176,d176_6,c,22
d176,d176_7,h,3
d176,d176_8,h,3
d176,d176_9,h,3
d176,d176_10,c,10
d176,d176_11,c,16
d176,d176_12,h,3
d176,d176_13,h,3
d176,d176_14,c,16
d176,d176_15,h,3
d176,d176_16,h,3
d176,d176_17,n,38
d176,d176_18,o,40
d176,d176_19,o,40
d177,d177_1,c,22
d177,d177_2,c,22
d177,d177_3,c,22
d177,d177_4,c,22
d177,d177_5,c,22
d177,d177_6,c,22
d177,d177_7,h,3
d177,d177_8,h,3
d177,d177_9,h,3
d177,d177_10,n,32
d177,d177_11,c,22
d177,d177_12,c,22
d177,d177_13,n,32
d177,d177_14,c,22
d177,d177_15,c,22
d177,d177_16,c,22
d177,d177_17,c,22
d177,d177_18,h,3
d177,d177_19,h,3
d177,d177_20,h,3
d177,d177_21,h,1
d177,d177_22,h,1
d177,d177_23,n,38
d177,d177_24,n,38
d177,d177_25,o,40
d177,d177_26,o,40
d177,d177_27,o,40
d177,d177_28,o,40
d178,d178_1,c,22
d178,d178_2,c,22
d178,d178_3,c,22
d178,d178_4,c,22
d178,d178_5,c,22
d178,d178_6,c,22
d178,d178_7,h,3
d178,d178_8,h,3
d178,d178_9,h,3
d178,d178_10,n,32
d178,d178_11,n,32
d178,d178_12,c,14
d178,d178_13,h,3
d178,d178_14,h,1
d178,d178_15,c,10
d178,d178_16,h,3
d178,d178_17,h,3
d178,d178_18,h,3
d178,d178_19,n,38
d178,d178_20,o,40
d178,d178_21,o,40
d179,d179_1,c,22
d179,d179_2,c,22
d179,d179_3,c,22
d179,d179_4,c,22
d179,d179_5,c,22
d179,d179_6,c,22
d179,d179_7,h,3
d179,d179_8,h,3
d179,d179_9,h,3
d179,d179_10,h,3
d179,d179_11,c,16
d179,d179_12,c,16
d179,d179_13,h,3
d179,d179_14,o,50
d179,d179_15,h,3
d179,d179_16,c,22
d179,d179_17,c,22
d179,d179_18,c,22
d179,d179_19,c,22
d179,d179_20,c,22
d179,d179_21,c,22
d179,d179_22,h,3
d179,d179_23,h,3
d179,d179_24,h,3
d179,d179_25,h,3
d179,d179_26,n,38
d179,d179_27,o,40
d179,d179_28,o,40
d179,d179_29,n,38
d179,d179_30,o,40
d179,d179_31,o,40
d181,d181_1,c,22
d181,d181_2,c,22
d181,d181_3,c,22
d181,d181_4,c,22
d181,d181_5,c,22
d181,d181_6,c,22
d181,d181_7,h,3
d181,d181_8,h,3
d181,d181_9,h,3
d181,d181_10,n,32
d181,d181_11,n,32
d181,d181_12,n,38
d181,d181_13,o,40
d181,d181_14,o,40
d181,d181_15,h,1
d181,d181_16,h,1
d181,d181_17,h,1
d181,d181_18,h,1
d182,d182_1,c,22
d182,d182_2,c,22
d182,d182_3,c,27
d182,d182_4,c,27
d182,d182_5,c,22
d182,d182_6,c,22
d182,d182_7,h,3
d182,d182_8,h,3
d182,d182_9,h,3
d182,d182_10,n,35
d182,d182_11,c,22
d182,d182_12,c,22
d182,d182_13,c,22
d182,d182_14,h,3
d182,d182_15,h,3
d182,d182_16,c,10
d182,d182_17,h,3
d182,d182_18,h,3
d182,d182_19,h,3
d182,d182_20,n,38
d182,d182_21,o,40
d182,d182_22,o,40
d183,d183_1,c,22
d183,d183_2,c,22
d183,d183_3,c,27
d183,d183_4,c,27
d183,d183_5,c,27
d183,d183_6,c,22
d183,d183_7,h,3
d183,d183_8,h,3
d183,d183_9,c,22
d183,d183_10,c,22
d183,d183_11,c,27
d183,d183_12,c,27
d183,d183_13,h,3
d183,d183_14,h,3
d183,d183_15,c,27
d183,d183_16,c,22
d183,d183_17,c,22
d183,d183_18,h,3
d183,d183_19,h,3
d183,d183_20,c,22
d183,d183_21,c,22
d183,d183_22,c,22
d183,d183_23,h,3
d183,d183_24,h,3
d183,d183_25,n,38
d183,d183_26,n,38
d183,d183_27,o,40
d183,d183_28,o,40
d183,d183_29,o,40
d183,d183_30,o,40
d185,d185_1,c,22
d185,d185_2,c,22
d185,d185_3,c,22
d185,d185_4,c,22
d185,d185_5,c,22
d185,d185_6,c,22
d185,d185_7,h,3
d185,d185_8,h,3
d185,d185_9,h,3
d185,d185_10,f,92
d185,d185_11,n,38
d185,d185_12,n,38
d185,d185_13,o,40
d185,d185_14,o,40
d185,d185_15,o,40
d185,d185_16,o,40
d186,d186_1,c,22
d186,d186_2,c,22
d186,d186_3,c,22
d186,d186_4,c,22
d186,d186_5,c,22
d186,d186_6,c,22
d186,d186_7,h,3
d186,d186_8,h,3
d186,d186_9,h,3
d186,d186_10,n,32
d186,d186_11,c,10
d186,d186_12,c,10
d186,d186_13,h,3
d186,d186_14,h,3
d186,d186_15,h,3
d186,d186_16,h,3
d186,d186_17,h,1
d186,d186_18,n,38
d186,d186_19,o,40
d186,d186_20,o,40
d188,d188_1,c,22
d188,d188_2,c,22
d188,d188_3,c,22
d188,d188_4,c,29
d188,d188_5,c,22
d188,d188_6,c,22
d188,d188_7,h,3
d188,d188_8,h,3
d188,d188_9,h,3
d188,d188_10,h,3
d188,d188_11,c,22
d188,d188_12,c,22
d188,d188_13,c,22
d188,d188_14,c,22
d188,d188_15,c,22
d188,d188_16,c,29
d188,d188_17,h,3
d188,d188_18,h,3
d188,d188_19,h,3
d188,d188_20,n,32
d188,d188_21,h,1
d188,d188_22,n,38
d188,d188_23,o,40
d188,d188_24,o,40
d19,d19_1,c,22
d19,d19_2,c,22
d19,d19_3,c,27
d19,d19_4,c,27
d19,d19_5,c,22
d19,d19_6,c,22
d19,d19_7,h,3
d19,d19_8,h,3
d19,d19_9,h,3
d19,d19_10,n,35
d19,d19_11,c,22
d19,d19_12,c,22
d19,d19_13,c,22
d19,d19_14,h,3
d19,d19_15,h,3
d19,d19_16,h,3
d19,d19_17,n,38
d19,d19_18,o,40
d19,d19_19,o,40
d21,d21_1,c,22
d21,d21_2,c,22
d21,d21_3,c,22
d21,d21_4,c,29
d21,d21_5,c,22
d21,d21_6,c,22
d21,d21_7,h,3
d21,d21_8,h,3
d21,d21_9,h,3
d21,d21_10,h,3
d21,d21_11,c,29
d21,d21_12,c,22
d21,d21_13,c,22
d21,d21_14,c,22
d21,d21_15,c,22
d21,d21_16,c,22
d21,d21_17,h,3
d21,d21_18,h,3
d21,d21_19,h,3
d21,d21_20,h,3
d21,d21_21,n,38
d21,d21_22,n,38
d21,d21_23,o,40
d21,d21_24,o,40
d21,d21_25,o,40
d21,d21_26,o,40
d22,d22_1,c,22
d22,d22_2,c,22
d22,d22_3,c,22
d22,d22_4,c,29
d22,d22_5,c,22
d22,d22_6,c,22
d22,d22_7,c,22
d22,d22_8,c,22
d22,d22_9,c,22
d22,d22_10,c,22
d22,d22_11,c,22
d22,d22_12,c,29
d22,d22_13,c,10
d22,d22_14,i,95
d22,d22_15,n,38
d22,d22_16,o,40
d22,d22_17,o,40
d22,d22_18,h,3
d22,d22_19,h,3
d22,d22_20,h,3
d22,d22_21,h,3
d22,d22_22,h,3
d22,d22_23,h,3
d22,d22_24,h,3
d22,d22_25,h,3
d23,d23_1,c,22
d23,d23_2,c,22
d23,d23_3,c,22
d23,d23_4,c,27
d23,d23_5,c,27
d23,d23_6,c,22
d23,d23_7,c,195
d23,d23_8,c,27
d23,d23_9,c,22
d23,d23_10,c,22
d23,d23_11,c,22
d23,d23_12,c,27
d23,d23_13,c,27
d23,d23_14,c,25
d23,d23_15,c,22
d23,d23_16,c,22
d23,d23_17,c,22
d23,d23_18,c,26
d23,d23_19,c,21
d23,d23_20,c,21
d23,d23_21,h,3
d23,d23_22,h,3
d23,d23_23,h,3
d23,d23_24,h,3
d23,d23_25,h,3
d23,d23_26,h,3
d23,d23_27,h,3
d23,d23_28,h,3
d23,d23_29,h,3
d23,d23_30,h,3
d23,d23_31,h,3
d23,d23_32,n,38
d23,d23_33,o,40
d23,d23_34,o,40
d25,d25_1,c,22
d25,d25_2,c,22
d25,d25_3,c,22
d25,d25_4,c,29
d25,d25_5,c,22
d25,d25_6,c,22
d25,d25_7,c,22
d25,d25_8,c,22
d25,d25_9,c,22
d25,d25_10,c,22
d25,d25_11,c,22
d25,d25_12,c,29
d25,d25_13,c,10
d25,d25_14,o,45
d25,d25_15,n,38
d25,d25_16,o,40
d25,d25_17,o,40
d25,d25_18,h,3
d25,d25_19,h,3
d25,d25_20,h,3
d25,d25_21,h,3
d25,d25_22,h,3
d25,d25_23,h,3
d25,d25_24,h,8
d25,d25_25,h,3
d25,d25_26,h,3
d27,d27_1,c,22
d27,d27_2,c,22
d27,d27_3,c,27
d27,d27_4,c,27
d27,d27_5,c,22
d27,d27_6,c,22
d27,d27_7,h,3
d27,d27_8,h,3
d27,d27_9,h,3
d27,d27_10,h,3
d27,d27_11,c,22
d27,d27_12,c,27
d27,d27_13,c,195
d27,d27_14,c,195
d27,d27_15,h,3
d27,d27_16,c,22
d27,d27_17,c,22
d27,d27_18,c,27
d27,d27_19,c,27
d27,d27_20,h,3
d27,d27_21,h,3
d27,d27_22,c,27
d27,d27_23,c,22
d27,d27_24,c,22
d27,d27_25,h,3
d27,d27_26,h,3
d27,d27_27,c,22
d27,d27_28,c,22
d27,d27_29,c,22
d27,d27_30,h,3
d27,d27_31,h,3
d27,d27_32,n,38
d27,d27_33,o,40
d27,d27_34,o,40
d29,d29_1,c,22
d29,d29_2,c,22
d29,d29_3,c,22
d29,d29_4,c,29
d29,d29_5,c,22
d29,d29_6,c,22
d29,d29_7,c,22
d29,d29_8,c,22
d29,d29_9,c,22
d29,d29_10,c,22
d29,d29_11,c,22
d29,d29_12,c,29
d29,d29_13,c,230
d29,d29_14,n,38
d29,d29_15,o,40
d29,d29_16,o,40
d29,d29_17,n,38
d29,d29_18,o,40
d29,d29_19,o,40
d29,d29_20,n,38
d29,d29_21,o,40
d29,d29_22,o,40
d29,d29_23,f,92
d29,d29_24,h,3
d29,d29_25,h,3
d29,d29_26,h,3
d29,d29_27,h,3
d29,d29_28,h,3
d29,d29_29,h,3
d30,d30_1,c,22
d30,d30_2,c,22
d30,d30_3,c,27
d30,d30_4,c,27
d30,d30_5,c,26
d30,d30_6,c,22
d30,d30_7,c,27
d30,d30_8,c,27
d30,d30_9,c,22
d30,d30_10,c,26
d30,d30_11,c,22
d30,d30_12,c,27
d30,d30_13,c,27
d30,d30_14,c,22
d30,d30_15,c,22
d30,d30_16,c,22
d30,d30_17,c,22
d30,d30_18,c,22
d30,d30_19,c,21
d30,d30_20,c,21
d30,d30_21,h,3
d30,d30_22,h,3
d30,d30_23,h,3
d30,d30_24,h,3
d30,d30_25,h,3
d30,d30_26,h,3
d30,d30_27,h,3
d30,d30_28,h,3
d30,d30_29,h,3
d30,d30_30,h,3
d30,d30_31,h,3
d30,d30_32,n,38
d30,d30_33,o,40
d30,d30_34,o,40
d31,d31_1,c,22
d31,d31_2,c,22
d31,d31_3,c,27
d31,d31_4,c,27
d31,d31_5,c,28
d31,d31_6,c,22
d31,d31_7,h,3
d31,d31_8,h,3
d31,d31_9,h,3
d31,d31_10,c,22
d31,d31_11,c,22
d31,d31_12,c,22
d31,d31_13,c,29
d31,d31_14,h,3
d31,d31_15,c,28
d31,d31_16,c,28
d31,d31_17,c,22
d31,d31_18,c,22
d31,d31_19,c,22
d31,d31_20,c,22
d31,d31_21,h,3
d31,d31_22,h,3
d31,d31_23,h,3
d31,d31_24,n,38
d31,d31_25,n,38
d31,d31_26,o,40
d31,d31_27,o,40
d31,d31_28,o,40
d31,d31_29,o,40
d31,d31_30,h,3
d32,d32_1,c,22
d32,d32_2,c,22
d32,d32_3,c,22
d32,d32_4,c,29
d32,d32_5,c,22
d32,d32_6,c,22
d32,d32_7,h,3
d32,d32_8,h,3
d32,d32_9,h,3
d32,d32_10,c,29
d32,d32_11,c,22
d32,d32_12,c,22
d32,d32_13,c,22
d32,d32_14,c,22
d32,d32_15,c,22
d32,d32_16,h,3
d32,d32_17,h,3
d32,d32_18,h,3
d32,d32_19,n,38
d32,d32_20,n,38
d32,d32_21,n,38
d32,d32_22,n,38
d32,d32_23,o,40
d32,d32_24,o,40
d32,d32_25,o,40
d32,d32_26,o,40
d32,d32_27,o,40
d32,d32_28,o,40
d32,d32_29,o,40
d32,d32_30,o,40
d33,d33_1,c,22
d33,d33_2,c,22
d33,d33_3,c,22
d33,d33_4,c,29
d33,d33_5,c,22
d33,d33_6,c,22
d33,d33_7,h,3
d33,d33_8,h,3
d33,d33_9,h,3
d33,d33_10,c,22
d33,d33_11,c,22
d33,d33_12,c,22
d33,d33_13,c,22
d33,d33_14,c,22
d33,d33_15,c,29
d33,d33_16,h,3
d33,d33_17,h,3
d33,d33_18,h,3
d33,d33_19,c,10
d33,d33_20,h,3
d33,d33_21,h,3
d33,d33_22,n,38
d33,d33_23,o,40
d33,d33_24,o,40
d33,d33_25,n,32
d33,d33_26,c,14
d33,d33_27,c,232
d33,d33_28,f,92
d33,d33_29,f,92
d33,d33_30,f,92
d33,d33_31,h,1
d33,d33_32,o,40
d34,d34_1,c,22
d34,d34_2,c,22
d34,d34_3,c,27
d34,d34_4,c,27
d34,d34_5,c,22
d34,d34_6,c,22
d34,d34_7,h,3
d34,d34_8,h,3
d34,d34_9,h,3
d34,d34_10,h,3
d34,d34_11,c,22
d34,d34_12,c,22
d34,d34_13,c,22
d34,d34_14,c,22
d34,d34_15,h,3
d34,d34_16,h,3
d34,d34_17,h,3
d34,d34_18,n,38
d34,d34_19,o,40
d34,d34_20,o,40
d35,d35_1,c,22
d35,d35_2,c,22
d35,d35_3,c,22
d35,d35_4,c,29
d35,d35_5,c,22
d35,d35_6,c,22
d35,d35_7,h,3
d35,d35_8,h,3
d35,d35_9,h,3
d35,d35_10,c,22
d35,d35_11,c,22
d35,d35_12,c,22
d35,d35_13,c,22
d35,d35_14,c,22
d35,d35_15,c,29
d35,d35_16,h,3
d35,d35_17,h,3
d35,d35_18,h,3
d35,d35_19,c,10
d35,d35_20,h,3
d35,d35_21,h,3
d35,d35_22,n,38
d35,d35_23,n,32
d35,d35_24,o,40
d35,d35_25,o,40
d35,d35_26,h,1
d35,d35_27,h,1
d36,d36_1,c,22
d36,d36_2,c,22
d36,d36_3,c,27
d36,d36_4,c,27
d36,d36_5,c,22
d36,d36_6,c,22
d36,d36_7,h,3
d36,d36_8,h,3
d36,d36_9,h,3
d36,d36_10,h,3
d36,d36_11,c,22
d36,d36_12,c,22
d36,d36_13,c,22
d36,d36_14,c,22
d36,d36_15,h,3
d36,d36_16,h,3
d36,d36_17,c,10
d36,d36_18,h,3
d36,d36_19,h,3
d36,d36_20,h,3
d36,d36_21,n,38
d36,d36_22,o,40
d36,d36_23,o,40
d37,d37_1,c,22
d37,d37_2,c,22
d37,d37_3,c,22
d37,d37_4,c,22
d37,d37_5,c,22
d37,d37_6,c,22
d37,d37_7,h,3
d37,d37_8,h,3
d37,d37_9,h,3
d37,d37_10,h,3
d37,d37_11,c,10
d37,d37_12,c,10
d37,d37_13,h,3
d37,d37_14,h,3
d37,d37_15,c,22
d37,d37_16,h,3
d37,d37_17,h,3
d37,d37_18,c,22
d37,d37_19,c,22
d37,d37_20,c,22
d37,d37_21,c,22
d37,d37_22,c,22
d37,d37_23,h,3
d37,d37_24,h,3
d37,d37_25,h,3
d37,d37_26,h,3
d37,d37_27,h,3
d37,d37_28,n,38
d37,d37_29,o,40
d37,d37_30,o,40
d38,d38_1,c,22
d38,d38_2,c,22
d38,d38_3,c,22
d38,d38_4,c,29
d38,d38_5,c,22
d38,d38_6,c,22
d38,d38_7,h,3
d38,d38_8,h,3
d38,d38_9,h,3
d38,d38_10,h,3
d38,d38_11,h,3
d38,d38_12,c,29
d38,d38_13,c,22
d38,d38_14,c,22
d38,d38_15,c,22
d38,d38_16,c,22
d38,d38_17,c,22
d38,d38_18,h,3
d38,d38_19,h,3
d38,d38_20,h,3
d38,d38_21,h,3
d38,d38_22,n,38
d38,d38_23,o,40
d38,d38_24,o,40
d39,d39_1,c,22
d39,d39_2,c,22
d39,d39_3,c,27
d39,d39_4,c,27
d39,d39_5,c,22
d39,d39_6,c,22
d39,d39_7,h,3
d39,d39_8,h,3
d39,d39_9,n,35
d39,d39_10,c,22
d39,d39_11,c,22
d39,d39_12,c,22
d39,d39_13,h,3
d39,d39_14,h,3
d39,d39_15,h,3
d39,d39_16,n,38
d39,d39_17,o,40
d39,d39_18,o,40
d39,d39_19,o,50
d39,d39_20,c,10
d39,d39_21,h,3
d39,d39_22,h,3
d39,d39_23,h,3
d4,d4_1,c,22
d4,d4_2,c,22
d4,d4_3,c,27
d4,d4_4,c,27
d4,d4_5,c,28
d4,d4_6,c,22
d4,d4_7,c,22
d4,d4_8,c,22
d4,d4_9,c,22
d4,d4_10,c,29
d4,d4_11,c,22
d4,d4_12,c,29
d4,d4_13,c,28
d4,d4_14,c,22
d4,d4_15,c,22
d4,d4_16,c,22
d4,d4_17,n,38
d4,d4_18,o,40
d4,d4_19,o,40
d4,d4_20,h,3
d4,d4_21,h,3
d4,d4_22,h,3
d4,d4_23,h,3
d4,d4_24,h,3
d4,d4_25,h,3
d4,d4_26,h,3
d4,d4_27,h,3
d4,d4_28,h,3
d41,d41_1,c,22
d41,d41_2,c,22
d41,d41_3,c,22
d41,d41_4,c,29
d41,d41_5,c,22
d41,d41_6,c,22
d41,d41_7,h,3
d41,d41_8,h,3
d41,d41_9,h,3
d41,d41_10,c,22
d41,d41_11,c,22
d41,d41_12,c,22
d41,d41_13,c,22
d41,d41_14,c,22
d41,d41_15,c,29
d41,d41_16,h,3
d41,d41_17,h,3
d41,d41_18,h,3
d41,d41_19,c,10
d41,d41_20,h,3
d41,d41_21,h,3
d41,d41_22,br,94
d41,d41_23,n,38
d41,d41_24,o,40
d41,d41_25,o,40
d42,d42_1,c,22
d42,d42_2,c,22
d42,d42_3,c,26
d42,d42_4,c,26
d42,d42_5,c,22
d42,d42_6,c,22
d42,d42_7,n,34
d42,d42_8,n,34
d42,d42_9,c,21
d42,d42_10,c,10
d42,d42_11,n,38
d42,d42_12,o,40
d42,d42_13,o,40
d42,d42_14,h,3
d42,d42_15,h,3
d42,d42_16,h,3
d42,d42_17,h,3
d42,d42_18,h,3
d42,d42_19,h,3
d42,d42_20,h,3
d42,d42_21,h,1
d43,d43_1,c,22
d43,d43_2,c,22
d43,d43_3,c,27
d43,d43_4,c,27
d43,d43_5,c,28
d43,d43_6,c,22
d43,d43_7,h,3
d43,d43_8,h,3
d43,d43_9,h,3
d43,d43_10,c,22
d43,d43_11,c,22
d43,d43_12,c,22
d43,d43_13,c,29
d43,d43_14,h,3
d43,d43_15,h,3
d43,d43_16,c,28
d43,d43_17,c,28
d43,d43_18,c,22
d43,d43_19,c,22
d43,d43_20,c,22
d43,d43_21,c,22
d43,d43_22,h,3
d43,d43_23,h,3
d43,d43_24,h,3
d43,d43_25,n,38
d43,d43_26,o,40
d43,d43_27,o,40
d43,d43_28,h,3
d45,d45_1,c,22
d45,d45_2,c,22
d45,d45_3,c,22
d45,d45_4,c,22
d45,d45_5,c,22
d45,d45_6,c,22
d45,d45_7,h,3
d45,d45_8,h,3
d45,d45_9,h,3
d45,d45_10,h,3
d45,d45_11,n,38
d45,d45_12,n,38
d45,d45_13,o,40
d45,d45_14,o,40
d45,d45_15,o,40
d45,d45_16,o,40
d46,d46_1,c,10
d46,d46_2,c,10
d46,d46_3,c,22
d46,d46_4,c,22
d46,d46_5,c,10
d46,d46_6,c,10
d46,d46_7,c,22
d46,d46_8,c,27
d46,d46_9,c,27
d46,d46_10,c,27
d46,d46_11,c,22
d46,d46_12,c,22
d46,d46_13,c,27
d46,d46_14,c,27
d46,d46_15,c,27
d46,d46_16,c,22
d46,d46_17,c,22
d46,d46_18,c,22
d46,d46_19,c,22
d46,d46_20,c,22
d46,d46_21,n,38
d46,d46_22,o,40
d46,d46_23,o,40
d46,d46_24,h,3
d46,d46_25,h,3
d46,d46_26,h,3
d46,d46_27,h,3
d46,d46_28,h,3
d46,d46_29,h,3
d46,d46_30,h,3
d46,d46_31,h,3
d46,d46_32,h,3
d46,d46_33,h,3
d46,d46_34,h,3
d46,d46_35,h,3
d46,d46_36,h,3
d46,d46_37,h,3
d46,d46_38,h,3
d47,d47_1,c,22
d47,d47_2,c,22
d47,d47_3,c,22
d47,d47_4,c,29
d47,d47_5,c,22
d47,d47_6,c,22
d47,d47_7,c,10
d47,d47_8,c,10
d47,d47_9,c,22
d47,d47_10,c,29
d47,d47_11,c,22
d47,d47_12,c,10
d47,d47_13,c,10
d47,d47_14,c,22
d47,d47_15,c,22
d47,d47_16,c,22
d47,d47_17,n,38
d47,d47_18,n,38
d47,d47_19,o,40
d47,d47_20,o,40
d47,d47_21,o,40
d47,d47_22,o,40
d47,d47_23,h,3
d47,d47_24,h,3
d47,d47_25,h,3
d47,d47_26,h,3
d47,d47_27,h,3
d47,d47_28,h,3
d47,d47_29,h,3
d47,d47_30,h,3
d47,d47_31,h,3
d47,d47_32,h,3
d47,d47_33,h,3
d47,d47_34,h,3
d48,d48_1,c,22
d48,d48_2,c,22
d48,d48_3,c,27
d48,d48_4,c,27
d48,d48_5,c,22
d48,d48_6,c,22
d48,d48_7,h,3
d48,d48_8,h,3
d48,d48_9,h,3
d48,d48_10,h,3
d48,d48_11,c,22
d48,d48_12,c,27
d48,d48_13,c,27
d48,d48_14,c,22
d48,d48_15,h,3
d48,d48_16,h,3
d48,d48_17,c,22
d48,d48_18,c,22
d48,d48_19,c,22
d48,d48_20,c,22
d48,d48_21,h,3
d48,d48_22,h,3
d48,d48_23,h,3
d48,d48_24,n,38
d48,d48_25,o,40
d48,d48_26,o,40
d49,d49_1,c,22
d49,d49_2,c,22
d49,d49_3,c,22
d49,d49_4,c,22
d49,d49_5,c,22
d49,d49_6,c,22
d49,d49_7,h,3
d49,d49_8,h,3
d49,d49_9,h,3
d49,d49_10,c,22
d49,d49_11,c,22
d49,d49_12,c,22
d49,d49_13,c,22
d49,d49_14,c,22
d49,d49_15,c,22
d49,d49_16,h,3
d49,d49_17,h,3
d49,d49_18,h,3
d49,d49_19,n,32
d49,d49_20,n,32
d49,d49_21,h,1
d49,d49_22,h,1
d49,d49_23,n,38
d49,d49_24,n,38
d49,d49_25,o,40
d49,d49_26,o,40
d49,d49_27,o,40
d49,d49_28,o,40
d5,d5_1,c,22
d5,d5_2,c,22
d5,d5_3,c,22
d5,d5_4,c,22
d5,d5_5,c,22
d5,d5_6,c,22
d5,d5_7,h,3
d5,d5_8,h,3
d5,d5_9,h,3
d5,d5_10,n,38
d5,d5_11,f,92
d5,d5_12,f,92
d5,d5_13,o,40
d5,d5_14,o,40
d50,d50_1,c,22
d50,d50_2,c,22
d50,d50_3,c,27
d50,d50_4,c,27
d50,d50_5,c,22
d50,d50_6,c,22
d50,d50_7,h,3
d50,d50_8,h,3
d50,d50_9,h,3
d50,d50_10,c,22
d50,d50_11,c,22
d50,d50_12,c,22
d50,d50_13,c,22
d50,d50_14,h,3
d50,d50_15,h,3
d50,d50_16,h,3
d50,d50_17,n,38
d50,d50_18,n,38
d50,d50_19,o,40
d50,d50_20,o,40
d50,d50_21,o,40
d50,d50_22,o,40
d52,d52_1,c,22
d52,d52_2,c,22
d52,d52_3,c,27
d52,d52_4,c,27
d52,d52_5,c,27
d52,d52_6,c,22
d52,d52_7,c,22
d52,d52_8,c,22
d52,d52_9,c,27
d52,d52_10,c,27
d52,d52_11,c,27
d52,d52_12,c,22
d52,d52_13,c,22
d52,d52_14,c,22
d52,d52_15,c,22
d52,d52_16,c,22
d52,d52_17,c,10
d52,d52_18,c,10
d52,d52_19,c,10
d52,d52_20,c,10
d52,d52_21,n,38
d52,d52_22,o,40
d52,d52_23,o,40
d52,d52_24,n,38
d52,d52_25,o,40
d52,d52_26,o,40
d52,d52_27,h,3
d52,d52_28,h,3
d52,d52_29,h,3
d52,d52_30,h,3
d52,d52_31,h,3
d52,d52_32,h,3
d52,d52_33,h,3
d52,d52_34,h,3
d52,d52_35,h,3
d52,d52_36,h,3
d52,d52_37,h,3
d52,d52_38,h,3
d52,d52_39,h,3
d52,d52_40,h,3
d53,d53_1,c,22
d53,d53_2,c,22
d53,d53_3,c,22
d53,d53_4,c,29
d53,d53_5,c,22
d53,d53_6,c,22
d53,d53_7,h,3
d53,d53_8,h,3
d53,d53_9,h,3
d53,d53_10,c,22
d53,d53_11,c,22
d53,d53_12,c,22
d53,d53_13,c,22
d53,d53_14,c,22
d53,d53_15,c,29
d53,d53_16,h,3
d53,d53_17,h,3
d53,d53_18,h,3
d53,d53_19,c,10
d53,d53_20,h,3
d53,d53_21,h,3
d53,d53_22,n,38
d53,d53_23,n,38
d53,d53_24,o,40
d53,d53_25,o,40
d53,d53_26,o,40
d53,d53_27,o,40
d54,d54_1,c,22
d54,d54_2,c,22
d54,d54_3,c,22
d54,d54_4,c,22
d54,d54_5,c,22
d54,d54_6,c,22
d54,d54_7,h,3
d54,d54_8,h,3
d54,d54_9,h,3
d54,d54_10,c,22
d54,d54_11,c,22
d54,d54_12,c,22
d54,d54_13,c,22
d54,d54_14,c,22
d54,d54_15,c,22
d54,d54_16,h,3
d54,d54_17,h,3
d54,d54_18,o,50
d54,d54_19,o,50
d54,d54_20,n,38
d54,d54_21,o,40
d54,d54_22,o,40
d54,d54_23,cl,93
d54,d54_24,cl,93
d55,d55_1,c,22
d55,d55_2,c,22
d55,d55_3,c,27
d55,d55_4,c,27
d55,d55_5,c,22
d55,d55_6,c,22
d55,d55_7,h,3
d55,d55_8,h,3
d55,d55_9,h,3
d55,d55_10,h,3
d55,d55_11,c,22
d55,d55_12,c,22
d55,d55_13,c,22
d55,d55_14,c,22
d55,d55_15,h,3
d55,d55_16,h,3
d55,d55_17,c,10
d55,d55_18,h,3
d55,d55_19,h,3
d55,d55_20,h,3
d55,d55_21,n,38
d55,d55_22,o,40
d55,d55_23,o,40
d57,d57_1,c,22
d57,d57_2,c,22
d57,d57_3,c,22
d57,d57_4,c,29
d57,d57_5,c,22
d57,d57_6,c,22
d57,d57_7,h,3
d57,d57_8,h,3
d57,d57_9,h,3
d57,d57_10,h,3
d57,d57_11,c,29
d57,d57_12,c,22
d57,d57_13,c,22
d57,d57_14,c,22
d57,d57_15,c,22
d57,d57_16,c,22
d57,d57_17,h,3
d57,d57_18,h,3
d57,d57_19,h,3
d57,d57_20,n,38
d57,d57_21,n,38
d57,d57_22,n,38
d57,d57_23,o,40
d57,d57_24,o,40
d57,d57_25,o,40
d57,d57_26,o,40
d57,d57_27,o,40
d57,d57_28,o,40
d59,d59_1,c,22
d59,d59_2,c,27
d59,d59_3,c,27
d59,d59_4,c,22
d59,d59_5,c,22
d59,d59_6,c,22
d59,d59_7,c,22
d59,d59_8,c,22
d59,d59_9,c,27
d59,d59_10,c,27
d59,d59_11,c,22
d59,d59_12,c,27
d59,d59_13,c,27
d59,d59_14,c,25
d59,d59_15,c,22
d59,d59_16,c,22
d59,d59_17,c,22
d59,d59_18,c,26
d59,d59_19,c,21
d59,d59_20,c,21
d59,d59_21,h,3
d59,d59_22,h,3
d59,d59_23,h,3
d59,d59_24,h,3
d59,d59_25,h,3
d59,d59_26,h,3
d59,d59_27,h,3
d59,d59_28,h,3
d59,d59_29,h,3
d59,d59_30,h,3
d59,d59_31,h,3
d59,d59_32,n,38
d59,d59_33,o,40
d59,d59_34,o,40
d6,d6_1,c,22
d6,d6_2,c,22
d6,d6_3,c,27
d6,d6_4,c,27
d6,d6_5,c,27
d6,d6_6,c,22
d6,d6_7,c,27
d6,d6_8,c,27
d6,d6_9,c,22
d6,d6_10,c,22
d6,d6_11,c,22
d6,d6_12,c,22
d6,d6_13,c,27
d6,d6_14,c,22
d6,d6_15,c,22
d6,d6_16,c,22
d6,d6_17,h,3
d6,d6_18,h,3
d6,d6_19,h,3
d6,d6_20,h,3
d6,d6_21,h,3
d6,d6_22,h,3
d6,d6_23,n,38
d6,d6_24,n,38
d6,d6_25,o,40
d6,d6_26,o,40
d6,d6_27,o,40
d6,d6_28,o,40
d6,d6_29,o,40
d6,d6_30,o,40
d6,d6_31,o,40
d6,d6_32,o,40
d6,d6_33,n,38
d6,d6_34,n,38
d60,d60_1,c,22
d60,d60_2,c,22
d60,d60_3,c,27
d60,d60_4,c,27
d60,d60_5,c,22
d60,d60_6,c,22
d60,d60_7,h,3
d60,d60_8,h,3
d60,d60_9,h,3
d60,d60_10,c,22
d60,d60_11,c,22
d60,d60_12,c,22
d60,d60_13,c,22
d60,d60_14,h,3
d60,d60_15,h,3
d60,d60_16,n,38
d60,d60_17,n,38
d60,d60_18,n,38
d60,d60_19,o,40
d60,d60_20,o,40
d60,d60_21,o,40
d60,d60_22,o,40
d60,d60_23,o,40
d60,d60_24,o,40
d61,d61_1,c,22
d61,d61_2,c,22
d61,d61_3,c,22
d61,d61_4,c,29
d61,d61_5,c,22
d61,d61_6,c,22
d61,d61_7,h,3
d61,d61_8,h,3
d61,d61_9,h,3
d61,d61_10,c,22
d61,d61_11,c,22
d61,d61_12,c,22
d61,d61_13,c,22
d61,d61_14,c,22
d61,d61_15,c,29
d61,d61_16,h,3
d61,d61_17,h,3
d61,d61_18,h,3
d61,d61_19,c,10
d61,d61_20,h,3
d61,d61_21,h,3
d61,d61_22,cl,93
d61,d61_23,n,38
d61,d61_24,o,40
d61,d61_25,o,40
d62,d62_1,c,22
d62,d62_2,c,22
d62,d62_3,c,22
d62,d62_4,c,22
d62,d62_5,c,22
d62,d62_6,c,22
d62,d62_7,h,3
d62,d62_8,h,3
d62,d62_9,h,3
d62,d62_10,o,45
d62,d62_11,h,8
d62,d62_12,n,32
d62,d62_13,n,38
d62,d62_14,o,40
d62,d62_15,o,40
d62,d62_16,h,1
d62,d62_17,h,1
d66,d66_1,c,22
d66,d66_2,c,22
d66,d66_3,c,22
d66,d66_4,c,29
d66,d66_5,c,22
d66,d66_6,c,22
d66,d66_7,h,3
d66,d66_8,h,3
d66,d66_9,h,3
d66,d66_10,h,3
d66,d66_11,c,29
d66,d66_12,c,22
d66,d66_13,c,22
d66,d66_14,c,22
d66,d66_15,c,22
d66,d66_16,c,22
d66,d66_17,h,3
d66,d66_18,h,3
d66,d66_19,h,3
d66,d66_20,h,3
d66,d66_21,n,32
d66,d66_22,n,38
d66,d66_23,o,40
d66,d66_24,o,40
d66,d66_25,h,1
d66,d66_26,h,1
d68,d68_1,c,22
d68,d68_2,c,22
d68,d68_3,c,27
d68,d68_4,c,27
d68,d68_5,c,22
d68,d68_6,c,22
d68,d68_7,h,3
d68,d68_8,h,3
d68,d68_9,h,3
d68,d68_10,h,3
d68,d68_11,c,22
d68,d68_12,c,27
d68,d68_13,c,195
d68,d68_14,c,195
d68,d68_15,h,3
d68,d68_16,c,22
d68,d68_17,c,22
d68,d68_18,c,27
d68,d68_19,c,27
d68,d68_20,h,3
d68,d68_21,h,3
d68,d68_22,c,27
d68,d68_23,c,22
d68,d68_24,c,22
d68,d68_25,h,3
d68,d68_26,h,3
d68,d68_27,c,22
d68,d68_28,c,22
d68,d68_29,c,22
d68,d68_30,h,3
d68,d68_31,h,3
d68,d68_32,n,38
d68,d68_33,o,40
d68,d68_34,o,40
d7,d7_1,c,22
d7,d7_2,c,22
d7,d7_3,c,22
d7,d7_4,c,29
d7,d7_5,c,22
d7,d7_6,c,22
d7,d7_7,h,3
d7,d7_8,h,3
d7,d7_9,h,3
d7,d7_10,h,3
d7,d7_11,h,3
d7,d7_12,c,29
d7,d7_13,c,22
d7,d7_14,c,22
d7,d7_15,c,22
d7,d7_16,c,22
d7,d7_17,c,22
d7,d7_18,h,3
d7,d7_19,h,3
d7,d7_20,h,3
d7,d7_21,c,10
d7,d7_22,h,3
d7,d7_23,h,3
d7,d7_24,h,3
d7,d7_25,n,38
d7,d7_26,o,40
d7,d7_27,o,40
d70,d70_1,c,22
d70,d70_2,c,22
d70,d70_3,c,22
d70,d70_4,c,22
d70,d70_5,c,22
d70,d70_6,c,22
d70,d70_7,h,3
d70,d70_8,h,3
d70,d70_9,h,3
d70,d70_10,n,32
d70,d70_11,c,14
d70,d70_12,c,14
d70,d70_13,o,40
d70,d70_14,o,40
d70,d70_15,h,1
d70,d70_16,n,38
d70,d70_17,o,40
d70,d70_18,o,40
d71,d71_1,c,22
d71,d71_2,c,22
d71,d71_3,c,27
d71,d71_4,c,27
d71,d71_5,c,27
d71,d71_6,c,22
d71,d71_7,c,22
d71,d71_8,c,22
d71,d71_9,c,27
d71,d71_10,c,27
d71,d71_11,c,27
d71,d71_12,c,22
d71,d71_13,c,22
d71,d71_14,c,22
d71,d71_15,c,22
d71,d71_16,c,22
d71,d71_17,c,10
d71,d71_18,c,10
d71,d71_19,c,10
d71,d71_20,c,10
d71,d71_21,n,38
d71,d71_22,n,38
d71,d71_23,o,40
d71,d71_24,o,40
d71,d71_25,o,40
d71,d71_26,o,40
d71,d71_27,h,3
d71,d71_28,h,3
d71,d71_29,h,3
d71,d71_30,h,3
d71,d71_31,h,3
d71,d71_32,h,3
d71,d71_33,h,3
d71,d71_34,h,3
d71,d71_35,h,3
d71,d71_36,h,3
d71,d71_37,h,3
d71,d71_38,h,3
d71,d71_39,h,3
d71,d71_40,h,3
d72,d72_1,c,22
d72,d72_2,c,22
d72,d72_3,c,22
d72,d72_4,c,29
d72,d72_5,c,22
d72,d72_6,c,22
d72,d72_7,h,3
d72,d72_8,h,3
d72,d72_9,h,3
d72,d72_10,h,3
d72,d72_11,c,22
d72,d72_12,c,22
d72,d72_13,c,22
d72,d72_14,c,22
d72,d72_15,c,22
d72,d72_16,c,29
d72,d72_17,h,3
d72,d72_18,h,3
d72,d72_19,h,3
d72,d72_20,c,10
d72,d72_21,h,3
d72,d72_22,h,3
d72,d72_23,n,38
d72,d72_24,o,40
d72,d72_25,o,40
d73,d73_1,c,22
d73,d73_2,c,22
d73,d73_3,c,22
d73,d73_4,c,29
d73,d73_5,c,22
d73,d73_6,c,22
d73,d73_7,h,3
d73,d73_8,h,3
d73,d73_9,h,3
d73,d73_10,h,3
d73,d73_11,c,29
d73,d73_12,c,22
d73,d73_13,c,22
d73,d73_14,c,22
d73,d73_15,c,22
d73,d73_16,c,22
d73,d73_17,h,3
d73,d73_18,h,3
d73,d73_19,h,3
d73,d73_20,h,3
d73,d73_21,n,32
d73,d73_22,n,38
d73,d73_23,o,40
d73,d73_24,o,40
d73,d73_25,h,1
d73,d73_26,h,1
d74,d74_1,c,22
d74,d74_2,c,22
d74,d74_3,c,27
d74,d74_4,c,27
d74,d74_5,c,28
d74,d74_6,c,22
d74,d74_7,h,3
d74,d74_8,h,3
d74,d74_9,h,3
d74,d74_10,c,22
d74,d74_11,c,22
d74,d74_12,c,22
d74,d74_13,c,29
d74,d74_14,h,3
d74,d74_15,h,3
d74,d74_16,h,3
d74,d74_17,c,28
d74,d74_18,c,28
d74,d74_19,c,22
d74,d74_20,c,27
d74,d74_21,c,27
d74,d74_22,c,22
d74,d74_23,h,3
d74,d74_24,h,3
d74,d74_25,c,22
d74,d74_26,c,22
d74,d74_27,c,22
d74,d74_28,c,22
d74,d74_29,h,3
d74,d74_30,h,3
d74,d74_31,h,3
d74,d74_32,n,38
d74,d74_33,o,40
d74,d74_34,o,40
d75,d75_1,c,22
d75,d75_2,c,22
d75,d75_3,c,22
d75,d75_4,c,29
d75,d75_5,c,22
d75,d75_6,c,22
d75,d75_7,h,3
d75,d75_8,h,3
d75,d75_9,h,3
d75,d75_10,h,3
d75,d75_11,c,29
d75,d75_12,c,22
d75,d75_13,c,22
d75,d75_14,c,22
d75,d75_15,c,22
d75,d75_16,c,22
d75,d75_17,h,3
d75,d75_18,h,3
d75,d75_19,h,3
d75,d75_20,h,3
d75,d75_21,n,38
d75,d75_22,n,38
d75,d75_23,o,40
d75,d75_24,o,40
d75,d75_25,o,40
d75,d75_26,o,40
d76,d76_1,c,22
d76,d76_2,c,22
d76,d76_3,c,22
d76,d76_4,c,22
d76,d76_5,c,22
d76,d76_6,c,22
d76,d76_7,h,3
d76,d76_8,h,3
d76,d76_9,h,3
d76,d76_10,h,3
d76,d76_11,n,38
d76,d76_12,cl,93
d76,d76_13,o,40
d76,d76_14,o,40
d78,d78_1,c,22
d78,d78_2,c,22
d78,d78_3,c,22
d78,d78_4,c,29
d78,d78_5,c,22
d78,d78_6,c,22
d78,d78_7,h,3
d78,d78_8,h,3
d78,d78_9,h,3
d78,d78_10,h,3
d78,d78_11,c,29
d78,d78_12,c,22
d78,d78_13,c,22
d78,d78_14,c,22
d78,d78_15,c,22
d78,d78_16,c,22
d78,d78_17,h,3
d78,d78_18,h,3
d78,d78_19,h,3
d78,d78_20,h,3
d78,d78_21,c,10
d78,d78_22,h,3
d78,d78_23,h,3
d78,d78_24,h,3
d78,d78_25,n,38
d78,d78_26,o,40
d78,d78_27,o,40
d79,d79_1,c,22
d79,d79_2,c,22
d79,d79_3,c,22
d79,d79_4,c,22
d79,d79_5,c,22
d79,d79_6,c,22
d79,d79_7,h,3
d79,d79_8,h,3
d79,d79_9,h,3
d79,d79_10,h,3
d79,d79_11,c,22
d79,d79_12,c,22
d79,d79_13,c,22
d79,d79_14,c,22
d79,d79_15,c,22
d79,d79_16,c,22
d79,d79_17,h,3
d79,d79_18,h,3
d79,d79_19,h,3
d79,d79_20,o,50
d79,d79_21,o,50
d79,d79_22,n,38
d79,d79_23,o,40
d79,d79_24,o,40
d8,d8_1,c,22
d8,d8_2,c,22
d8,d8_3,c,22
d8,d8_4,c,29
d8,d8_5,c,22
d8,d8_6,c,22
d8,d8_7,c,22
d8,d8_8,c,22
d8,d8_9,c,22
d8,d8_10,c,22
d8,d8_11,c,22
d8,d8_12,c,29
d8,d8_13,c,10
d8,d8_14,n,38
d8,d8_15,o,40
d8,d8_16,o,40
d8,d8_17,h,3
d8,d8_18,h,3
d8,d8_19,h,3
d8,d8_20,h,3
d8,d8_21,h,3
d8,d8_22,h,3
d8,d8_23,h,3
d8,d8_24,h,3
d8,d8_25,o,49
d8,d8_26,c,14
d8,d8_27,c,10
d8,d8_28,h,3
d8,d8_29,h,3
d8,d8_30,h,3
d8,d8_31,o,51
d80,d80_1,c,22
d80,d80_2,c,22
d80,d80_3,c,27
d80,d80_4,c,27
d80,d80_5,c,28
d80,d80_6,c,22
d80,d80_7,h,3
d80,d80_8,h,3
d80,d80_9,h,3
d80,d80_10,c,22
d80,d80_11,c,22
d80,d80_12,c,22
d80,d80_13,c,29
d80,d80_14,h,3
d80,d80_15,h,3
d80,d80_16,h,3
d80,d80_17,c,28
d80,d80_18,c,28
d80,d80_19,c,22
d80,d80_20,c,22
d80,d80_21,c,22
d80,d80_22,c,22
d80,d80_23,h,3
d80,d80_24,h,3
d80,d80_25,h,3
d80,d80_26,n,38
d80,d80_27,o,40
d80,d80_28,o,40
d81,d81_1,c,22
d81,d81_2,c,22
d81,d81_3,c,22
d81,d81_4,c,22
d81,d81_5,c,22
d81,d81_6,c,22
d81,d81_7,h,3
d81,d81_8,h,3
d81,d81_9,h,3
d81,d81_10,h,3
d81,d81_11,n,38
d81,d81_12,n,38
d81,d81_13,o,40
d81,d81_14,o,40
d81,d81_15,o,40
d81,d81_16,o,40
d82,d82_1,c,22
d82,d82_2,c,22
d82,d82_3,c,27
d82,d82_4,c,27
d82,d82_5,c,28
d82,d82_6,c,22
d82,d82_7,h,3
d82,d82_8,h,3
d82,d82_9,c,22
d82,d82_10,c,22
d82,d82_11,c,22
d82,d82_12,c,29
d82,d82_13,h,3
d82,d82_14,c,28
d82,d82_15,c,28
d82,d82_16,c,22
d82,d82_17,c,22
d82,d82_18,c,22
d82,d82_19,c,22
d82,d82_20,h,3
d82,d82_21,h,3
d82,d82_22,h,3
d82,d82_23,h,3
d82,d82_24,n,38
d82,d82_25,n,38
d82,d82_26,n,38
d82,d82_27,o,40
d82,d82_28,o,40
d82,d82_29,o,40
d82,d82_30,o,40
d82,d82_31,o,40
d82,d82_32,o,40
d83,d83_1,c,22
d83,d83_2,c,22
d83,d83_3,c,26
d83,d83_4,c,26
d83,d83_5,c,22
d83,d83_6,c,22
d83,d83_7,c,26
d83,d83_8,c,22
d83,d83_9,c,22
d83,d83_10,c,22
d83,d83_11,c,22
d83,d83_12,c,26
d83,d83_13,n,34
d83,d83_14,n,38
d83,d83_15,o,40
d83,d83_16,o,40
d83,d83_17,h,3
d83,d83_18,h,3
d83,d83_19,h,3
d83,d83_20,h,3
d83,d83_21,h,3
d83,d83_22,h,3
d83,d83_23,h,3
d83,d83_24,h,1
d85,d85_1,c,22
d85,d85_2,c,22
d85,d85_3,c,22
d85,d85_4,c,27
d85,d85_5,c,27
d85,d85_6,c,22
d85,d85_7,c,27
d85,d85_8,c,27
d85,d85_9,c,26
d85,d85_10,c,22
d85,d85_11,c,22
d85,d85_12,c,27
d85,d85_13,c,27
d85,d85_14,c,27
d85,d85_15,c,22
d85,d85_16,c,22
d85,d85_17,c,22
d85,d85_18,c,22
d85,d85_19,c,21
d85,d85_20,c,21
d85,d85_21,h,3
d85,d85_22,h,3
d85,d85_23,h,3
d85,d85_24,h,3
d85,d85_25,h,3
d85,d85_26,h,3
d85,d85_27,h,3
d85,d85_28,h,3
d85,d85_29,h,3
d85,d85_30,h,3
d85,d85_31,h,3
d85,d85_32,n,38
d85,d85_33,o,40
d85,d85_34,o,40
d86,d86_1,c,22
d86,d86_2,c,22
d86,d86_3,c,22
d86,d86_4,c,27
d86,d86_5,c,27
d86,d86_6,c,22
d86,d86_7,c,27
d86,d86_8,c,27
d86,d86_9,c,26
d86,d86_10,c,22
d86,d86_11,c,22
d86,d86_12,c,27
d86,d86_13,c,27
d86,d86_14,c,27
d86,d86_15,c,22
d86,d86_16,c,22
d86,d86_17,c,22
d86,d86_18,c,22
d86,d86_19,c,21
d86,d86_20,c,21
d86,d86_21,h,3
d86,d86_22,h,3
d86,d86_23,h,3
d86,d86_24,h,3
d86,d86_25,h,3
d86,d86_26,h,3
d86,d86_27,h,3
d86,d86_28,h,3
d86,d86_29,h,3
d86,d86_30,h,3
d86,d86_31,h,3
d86,d86_32,n,38
d86,d86_33,o,40
d86,d86_34,o,40
d87,d87_1,c,22
d87,d87_2,c,22
d87,d87_3,c,26
d87,d87_4,c,26
d87,d87_5,c,22
d87,d87_6,c,22
d87,d87_7,c,26
d87,d87_8,c,22
d87,d87_9,c,22
d87,d87_10,c,22
d87,d87_11,c,22
d87,d87_12,c,26
d87,d87_13,o,52
d87,d87_14,n,38
d87,d87_15,o,40
d87,d87_16,o,40
d87,d87_17,h,3
d87,d87_18,h,3
d87,d87_19,h,3
d87,d87_20,h,3
d87,d87_21,h,3
d87,d87_22,h,3
d87,d87_23,h,3
d88,d88_1,c,22
d88,d88_2,c,22
d88,d88_3,c,22
d88,d88_4,c,22
d88,d88_5,c,22
d88,d88_6,c,22
d88,d88_7,h,3
d88,d88_8,h,3
d88,d88_9,h,3
d88,d88_10,h,3
d88,d88_11,c,14
d88,d88_12,c,10
d88,d88_13,h,3
d88,d88_14,h,3
d88,d88_15,h,3
d88,d88_16,o,42
d88,d88_17,n,38
d88,d88_18,o,40
d88,d88_19,o,40
d9,d9_1,c,22
d9,d9_2,c,22
d9,d9_3,c,26
d9,d9_4,c,26
d9,d9_5,c,22
d9,d9_6,c,22
d9,d9_7,n,34
d9,d9_8,c,21
d9,d9_9,n,34
d9,d9_10,n,38
d9,d9_11,o,40
d9,d9_12,o,40
d9,d9_13,h,3
d9,d9_14,h,3
d9,d9_15,h,3
d9,d9_16,h,3
d9,d9_17,h,1
d90,d90_1,c,22
d90,d90_2,c,22
d90,d90_3,c,27
d90,d90_4,c,195
d90,d90_5,c,195
d90,d90_6,c,22
d90,d90_7,h,3
d90,d90_8,h,3
d90,d90_9,h,3
d90,d90_10,c,22
d90,d90_11,c,22
d90,d90_12,c,27
d90,d90_13,c,195
d90,d90_14,h,3
d90,d90_15,h,3
d90,d90_16,c,195
d90,d90_17,c,27
d90,d90_18,c,27
d90,d90_19,c,22
d90,d90_20,c,22
d90,d90_21,c,22
d90,d90_22,h,3
d90,d90_23,h,3
d90,d90_24,c,22
d90,d90_25,c,22
d90,d90_26,c,22
d90,d90_27,c,22
d90,d90_28,h,3
d90,d90_29,h,3
d90,d90_30,h,3
d90,d90_31,h,3
d90,d90_32,n,38
d90,d90_33,o,40
d90,d90_34,o,40
d91,d91_1,c,10
d91,d91_2,c,10
d91,d91_3,c,22
d91,d91_4,c,22
d91,d91_5,c,10
d91,d91_6,c,10
d91,d91_7,c,22
d91,d91_8,c,27
d91,d91_9,c,27
d91,d91_10,c,27
d91,d91_11,c,22
d91,d91_12,c,22
d91,d91_13,c,27
d91,d91_14,c,27
d91,d91_15,c,27
d91,d91_16,c,22
d91,d91_17,c,22
d91,d91_18,c,22
d91,d91_19,c,22
d91,d91_20,c,22
d91,d91_21,n,38
d91,d91_22,o,40
d91,d91_23,o,40
d91,d91_24,h,3
d91,d91_25,h,3
d91,d91_26,h,3
d91,d91_27,h,3
d91,d91_28,h,3
d91,d91_29,h,3
d91,d91_30,h,3
d91,d91_31,h,3
d91,d91_32,h,3
d91,d91_33,h,3
d91,d91_34,h,3
d91,d91_35,o,45
d91,d91_36,h,3
d91,d91_37,o,45
d91,d91_38,h,3
d91,d91_39,h,8
d91,d91_40,h,8
d92,d92_1,c,22
d92,d92_2,c,22
d92,d92_3,c,22
d92,d92_4,c,29
d92,d92_5,c,22
d92,d92_6,c,22
d92,d92_7,c,10
d92,d92_8,c,10
d92,d92_9,c,22
d92,d92_10,c,29
d92,d92_11,c,22
d92,d92_12,c,10
d92,d92_13,c,10
d92,d92_14,c,22
d92,d92_15,c,22
d92,d92_16,c,22
d92,d92_17,n,38
d92,d92_18,o,40
d92,d92_19,o,40
d92,d92_20,h,3
d92,d92_21,h,3
d92,d92_22,h,3
d92,d92_23,h,3
d92,d92_24,h,3
d92,d92_25,h,3
d92,d92_26,h,3
d92,d92_27,h,3
d92,d92_28,h,3
d92,d92_29,h,3
d92,d92_30,h,3
d92,d92_31,h,3
d92,d92_32,h,3
d93,d93_1,c,22
d93,d93_2,c,22
d93,d93_3,c,27
d93,d93_4,c,195
d93,d93_5,c,195
d93,d93_6,c,22
d93,d93_7,h,3
d93,d93_8,h,3
d93,d93_9,h,3
d93,d93_10,c,22
d93,d93_11,c,22
d93,d93_12,c,27
d93,d93_13,c,195
d93,d93_14,h,3
d93,d93_15,h,3
d93,d93_16,c,195
d93,d93_17,c,27
d93,d93_18,c,27
d93,d93_19,c,22
d93,d93_20,c,22
d93,d93_21,c,22
d93,d93_22,h,3
d93,d93_23,h,3
d93,d93_24,c,22
d93,d93_25,c,22
d93,d93_26,c,22
d93,d93_27,c,22
d93,d93_28,h,3
d93,d93_29,h,3
d93,d93_30,h,3
d93,d93_31,h,3
d93,d93_32,n,38
d93,d93_33,o,40
d93,d93_34,o,40
d94,d94_1,c,22
d94,d94_2,c,22
d94,d94_3,c,27
d94,d94_4,c,27
d94,d94_5,c,27
d94,d94_6,c,22
d94,d94_7,h,3
d94,d94_8,h,3
d94,d94_9,h,3
d94,d94_10,c,22
d94,d94_11,c,22
d94,d94_12,c,27
d94,d94_13,c,27
d94,d94_14,h,3
d94,d94_15,c,27
d94,d94_16,c,22
d94,d94_17,c,22
d94,d94_18,h,3
d94,d94_19,h,3
d94,d94_20,c,22
d94,d94_21,c,22
d94,d94_22,c,22
d94,d94_23,h,3
d94,d94_24,h,3
d94,d94_25,h,3
d94,d94_26,n,38
d94,d94_27,o,40
d94,d94_28,o,40
d95,d95_1,c,22
d95,d95_2,c,22
d95,d95_3,c,27
d95,d95_4,c,27
d95,d95_5,c,22
d95,d95_6,c,22
d95,d95_7,h,3
d95,d95_8,h,3
d95,d95_9,h,3
d95,d95_10,c,22
d95,d95_11,c,22
d95,d95_12,c,22
d95,d95_13,c,22
d95,d95_14,h,3
d95,d95_15,h,3
d95,d95_16,n,38
d95,d95_17,n,38
d95,d95_18,n,38
d95,d95_19,o,40
d95,d95_20,o,40
d95,d95_21,o,40
d95,d95_22,o,40
d95,d95_23,o,40
d95,d95_24,o,40
d97,d97_1,c,22
d97,d97_2,c,22
d97,d97_3,c,22
d97,d97_4,c,29
d97,d97_5,c,22
d97,d97_6,c,22
d97,d97_7,h,3
d97,d97_8,h,3
d97,d97_9,h,3
d97,d97_10,c,22
d97,d97_11,c,22
d97,d97_12,c,22
d97,d97_13,c,22
d97,d97_14,c,22
d97,d97_15,c,29
d97,d97_16,h,3
d97,d97_17,h,3
d97,d97_18,h,3
d97,d97_19,c,10
d97,d97_20,h,3
d97,d97_21,h,3
d97,d97_22,c,10
d97,d97_23,h,3
d97,d97_24,h,3
d97,d97_25,h,3
d97,d97_26,n,38
d97,d97_27,o,40
d97,d97_28,o,40
d99,d99_1,c,22
d99,d99_2,c,22
d99,d99_3,c,27
d99,d99_4,c,27
d99,d99_5,c,26
d99,d99_6,c,22
d99,d99_7,c,22
d99,d99_8,c,22
d99,d99_9,c,22
d99,d99_10,c,26
d99,d99_11,c,21
d99,d99_12,c,21
d99,d99_13,n,38
d99,d99_14,o,40
d99,d99_15,o,40
d99,d99_16,h,3
d99,d99_17,h,3
d99,d99_18,h,3
d99,d99_19,h,3
d99,d99_20,h,3
d99,d99_21,h,3
d99,d99_22,h,3
